file_id,POS,new_ref,ALT_new,dup_count,num_variants,variant_types,cause_category,original_variants,error
ERR3243102,10882,C,G,2,2.0,"['insertion', 'SNP']",insertion_plus_SNP,"[('G', 'GGC', 'insertion'), ('G', 'C', 'SNP')]",
ERR3241715,10882,C,G,2,2.0,"['insertion', 'SNP']",insertion_plus_SNP,"[('G', 'GGC', 'insertion'), ('G', 'C', 'SNP')]",
ERR3243116,10882,C,G,2,2.0,"['insertion', 'SNP']",insertion_plus_SNP,"[('G', 'GGC', 'insertion'), ('G', 'C', 'SNP')]",
ERR3239679,10882,C,G,2,2.0,"['insertion', 'SNP']",insertion_plus_SNP,"[('G', 'GGC', 'insertion'), ('G', 'C', 'SNP')]",
ERR3239889,10882,C,G,2,2.0,"['insertion', 'SNP']",insertion_plus_SNP,"[('G', 'GGC', 'insertion'), ('G', 'C', 'SNP')]",
ERR3989026,7994,G,A,2,2.0,"['SNP', 'SNP']",multiple_SNPs,"[('A', 'C', 'SNP'), ('A', 'G', 'SNP')]",
ERR3989032,7994,G,A,2,2.0,"['SNP', 'SNP']",multiple_SNPs,"[('A', 'C', 'SNP'), ('A', 'G', 'SNP')]",
ERR3239490,10882,C,G,2,2.0,"['insertion', 'SNP']",insertion_plus_SNP,"[('G', 'GGC', 'insertion'), ('G', 'C', 'SNP')]",
ERR3239490,12047,G,C,2,2.0,"['insertion', 'SNP']",insertion_plus_SNP,"[('C', 'CGCG', 'insertion'), ('C', 'G', 'SNP')]",
ERR3988853,10882,C,G,2,2.0,"['insertion', 'SNP']",insertion_plus_SNP,"[('G', 'GGC', 'insertion'), ('G', 'C', 'SNP')]",
ERR3239453,7994,G,A,2,2.0,"['SNP', 'SNP']",multiple_SNPs,"[('A', 'C', 'SNP'), ('A', 'G', 'SNP')]",
ERR3988884,524,G,C,2,2.0,"['insertion', 'SNP']",insertion_plus_SNP,"[('C', 'CG', 'insertion'), ('C', 'G', 'SNP')]",
ERR3239321,10882,C,G,2,2.0,"['insertion', 'SNP']",insertion_plus_SNP,"[('G', 'GGC', 'insertion'), ('G', 'C', 'SNP')]",
ERR3242156,10882,C,G,2,2.0,"['insertion', 'SNP']",insertion_plus_SNP,"[('G', 'GGC', 'insertion'), ('G', 'C', 'SNP')]",
ERR3239533,10882,C,G,2,2.0,"['insertion', 'SNP']",insertion_plus_SNP,"[('G', 'GGC', 'insertion'), ('G', 'C', 'SNP')]",
ERR3243076,10882,C,G,2,2.0,"['insertion', 'SNP']",insertion_plus_SNP,"[('G', 'GGC', 'insertion'), ('G', 'C', 'SNP')]",
ERR3239902,7719,T,C,2,2.0,"['SNP', 'SNP']",multiple_SNPs,"[('C', 'G', 'SNP'), ('C', 'T', 'SNP')]",
ERR3243062,10882,C,G,2,2.0,"['insertion', 'SNP']",insertion_plus_SNP,"[('G', 'GGC', 'insertion'), ('G', 'C', 'SNP')]",
ERR3242432,7994,G,A,2,2.0,"['SNP', 'SNP']",multiple_SNPs,"[('A', 'C', 'SNP'), ('A', 'G', 'SNP')]",
ERR3239725,10882,C,G,2,2.0,"['insertion', 'SNP']",insertion_plus_SNP,"[('G', 'GGC', 'insertion'), ('G', 'C', 'SNP')]",
ERR3241852,7994,G,A,2,2.0,"['SNP', 'SNP']",multiple_SNPs,"[('A', 'C', 'SNP'), ('A', 'G', 'SNP')]",
ERR3242382,10882,C,G,2,2.0,"['insertion', 'SNP']",insertion_plus_SNP,"[('G', 'GGC', 'insertion'), ('G', 'C', 'SNP')]",
ERR3241853,10882,C,G,2,2.0,"['insertion', 'SNP']",insertion_plus_SNP,"[('G', 'GGC', 'insertion'), ('G', 'C', 'SNP')]",
ERR3243088,10882,C,G,2,2.0,"['insertion', 'SNP']",insertion_plus_SNP,"[('G', 'GGC', 'insertion'), ('G', 'C', 'SNP')]",
ERR3242396,10093,C,G,2,3.0,"['insertion', 'insertion', 'SNP']",insertion_plus_SNP,"[('C', 'CGG', 'insertion'), ('C', 'CGGCGG', 'insertion'), ('C', 'G', 'SNP')]",
ERR3242396,10882,C,G,2,2.0,"['insertion', 'SNP']",insertion_plus_SNP,"[('G', 'GGC', 'insertion'), ('G', 'C', 'SNP')]",
ERR3240224,7719,T,C,2,2.0,"['SNP', 'SNP']",multiple_SNPs,"[('C', 'G', 'SNP'), ('C', 'T', 'SNP')]",
ERR3242433,7994,G,A,2,2.0,"['SNP', 'SNP']",multiple_SNPs,"[('A', 'C', 'SNP'), ('A', 'G', 'SNP')]",
ERR3243063,7719,T,C,2,2.0,"['SNP', 'SNP']",multiple_SNPs,"[('C', 'G', 'SNP'), ('C', 'T', 'SNP')]",
ERR3243063,10882,C,G,2,2.0,"['insertion', 'SNP']",insertion_plus_SNP,"[('G', 'GGC', 'insertion'), ('G', 'C', 'SNP')]",
ERR3243077,7719,T,C,2,2.0,"['SNP', 'SNP']",multiple_SNPs,"[('C', 'G', 'SNP'), ('C', 'T', 'SNP')]",
ERR3243077,10882,C,G,2,2.0,"['insertion', 'SNP']",insertion_plus_SNP,"[('G', 'GGC', 'insertion'), ('G', 'C', 'SNP')]",
ERR3242180,7719,T,C,2,2.0,"['SNP', 'SNP']",multiple_SNPs,"[('C', 'G', 'SNP'), ('C', 'T', 'SNP')]",
ERR3242143,7719,T,C,2,2.0,"['SNP', 'SNP']",multiple_SNPs,"[('C', 'G', 'SNP'), ('C', 'T', 'SNP')]",
ERR3242143,10882,C,G,2,2.0,"['insertion', 'SNP']",insertion_plus_SNP,"[('G', 'GGC', 'insertion'), ('G', 'C', 'SNP')]",
ERR3989386,7994,G,A,2,2.0,"['SNP', 'SNP']",multiple_SNPs,"[('A', 'C', 'SNP'), ('A', 'G', 'SNP')]",
ERR3242157,10882,C,G,2,2.0,"['insertion', 'SNP']",insertion_plus_SNP,"[('G', 'GGC', 'insertion'), ('G', 'C', 'SNP')]",
ERR3240026,7719,T,C,2,2.0,"['SNP', 'SNP']",multiple_SNPs,"[('C', 'G', 'SNP'), ('C', 'T', 'SNP')]",
ERR3239283,7719,T,C,2,2.0,"['SNP', 'SNP']",multiple_SNPs,"[('C', 'G', 'SNP'), ('C', 'T', 'SNP')]",
ERR3988891,10882,C,G,2,2.0,"['insertion', 'SNP']",insertion_plus_SNP,"[('G', 'GGC', 'insertion'), ('G', 'C', 'SNP')]",
ERR3239334,7719,T,C,2,2.0,"['SNP', 'SNP']",multiple_SNPs,"[('C', 'G', 'SNP'), ('C', 'T', 'SNP')]",
ERR3988885,10882,C,G,2,2.0,"['insertion', 'SNP']",insertion_plus_SNP,"[('G', 'GGC', 'insertion'), ('G', 'C', 'SNP')]",
ERR3242976,673,C,G,2,2.0,"['SNP', 'SNP']",multiple_SNPs,"[('G', 'C', 'SNP'), ('G', 'T', 'SNP')]",
ERR3239693,10882,C,G,2,2.0,"['insertion', 'SNP']",insertion_plus_SNP,"[('G', 'GGC', 'insertion'), ('G', 'C', 'SNP')]",
ERR3243117,10882,C,G,2,2.0,"['insertion', 'SNP']",insertion_plus_SNP,"[('G', 'GGC', 'insertion'), ('G', 'C', 'SNP')]",
ERR3243103,10882,C,G,2,2.0,"['insertion', 'SNP']",insertion_plus_SNP,"[('G', 'GGC', 'insertion'), ('G', 'C', 'SNP')]",
ERR3243115,10882,C,G,2,2.0,"['insertion', 'SNP']",insertion_plus_SNP,"[('G', 'GGC', 'insertion'), ('G', 'C', 'SNP')]",
ERR3243101,10882,C,G,2,2.0,"['insertion', 'SNP']",insertion_plus_SNP,"[('G', 'GGC', 'insertion'), ('G', 'C', 'SNP')]",
ERR3241716,10882,C,G,2,2.0,"['insertion', 'SNP']",insertion_plus_SNP,"[('G', 'GGC', 'insertion'), ('G', 'C', 'SNP')]",
ERR3239646,10882,C,G,2,2.0,"['insertion', 'SNP']",insertion_plus_SNP,"[('G', 'GGC', 'insertion'), ('G', 'C', 'SNP')]",
ERR3989031,673,C,G,2,2.0,"['SNP', 'SNP']",multiple_SNPs,"[('G', 'C', 'SNP'), ('G', 'T', 'SNP')]",
ERR3239652,10882,C,G,2,2.0,"['insertion', 'SNP']",insertion_plus_SNP,"[('G', 'GGC', 'insertion'), ('G', 'C', 'SNP')]",
ERR3242753,10882,C,G,2,2.0,"['insertion', 'SNP']",insertion_plus_SNP,"[('G', 'GGC', 'insertion'), ('G', 'C', 'SNP')]",
ERR3239444,673,C,G,2,2.0,"['SNP', 'SNP']",multiple_SNPs,"[('G', 'C', 'SNP'), ('G', 'T', 'SNP')]",
ERR3240187,674,G,C,2,2.0,"['SNP', 'SNP']",multiple_SNPs,"[('C', 'G', 'SNP'), ('C', 'T', 'SNP')]",
ERR3242784,10093,C,G,2,3.0,"['insertion', 'insertion', 'SNP']",insertion_plus_SNP,"[('C', 'CGG', 'insertion'), ('C', 'CGGCGG', 'insertion'), ('C', 'G', 'SNP')]",
ERR3240018,10882,C,G,2,2.0,"['insertion', 'SNP']",insertion_plus_SNP,"[('G', 'GGC', 'insertion'), ('G', 'C', 'SNP')]",
ERR3242155,10882,C,G,2,2.0,"['insertion', 'SNP']",insertion_plus_SNP,"[('G', 'GGC', 'insertion'), ('G', 'C', 'SNP')]",
ERR3989390,7994,G,A,2,2.0,"['SNP', 'SNP']",multiple_SNPs,"[('A', 'C', 'SNP'), ('A', 'G', 'SNP')]",
ERR3242800,7719,T,C,2,2.0,"['SNP', 'SNP']",multiple_SNPs,"[('C', 'G', 'SNP'), ('C', 'T', 'SNP')]",
ERR3239518,7719,T,C,2,2.0,"['SNP', 'SNP']",multiple_SNPs,"[('C', 'G', 'SNP'), ('C', 'T', 'SNP')]",
ERR3242419,7719,T,C,2,2.0,"['SNP', 'SNP']",multiple_SNPs,"[('C', 'G', 'SNP'), ('C', 'T', 'SNP')]",
ERR3239915,10882,C,G,2,2.0,"['insertion', 'SNP']",insertion_plus_SNP,"[('G', 'GGC', 'insertion'), ('G', 'C', 'SNP')]",
ERR3243061,10882,C,G,2,2.0,"['insertion', 'SNP']",insertion_plus_SNP,"[('G', 'GGC', 'insertion'), ('G', 'C', 'SNP')]",
ERR3239929,10882,C,G,2,2.0,"['insertion', 'SNP']",insertion_plus_SNP,"[('G', 'GGC', 'insertion'), ('G', 'C', 'SNP')]",
ERR3243049,7719,T,C,2,2.0,"['SNP', 'SNP']",multiple_SNPs,"[('C', 'G', 'SNP'), ('C', 'T', 'SNP')]",
ERR3243049,10882,C,G,2,2.0,"['insertion', 'SNP']",insertion_plus_SNP,"[('G', 'GGC', 'insertion'), ('G', 'C', 'SNP')]",
ERR3241879,10882,C,G,2,2.0,"['insertion', 'SNP']",insertion_plus_SNP,"[('G', 'GGC', 'insertion'), ('G', 'C', 'SNP')]",
ERR3242394,10882,C,G,2,2.0,"['insertion', 'SNP']",insertion_plus_SNP,"[('G', 'GGC', 'insertion'), ('G', 'C', 'SNP')]",
ERR3989150,7994,G,A,2,2.0,"['SNP', 'SNP']",multiple_SNPs,"[('A', 'C', 'SNP'), ('A', 'G', 'SNP')]",
ERR3239727,10882,C,G,2,2.0,"['insertion', 'SNP']",insertion_plus_SNP,"[('G', 'GGC', 'insertion'), ('G', 'C', 'SNP')]",
ERR3242395,12047,G,C,2,2.0,"['insertion', 'SNP']",insertion_plus_SNP,"[('C', 'CGCG', 'insertion'), ('C', 'G', 'SNP')]",
ERR3242381,7719,T,C,2,2.0,"['SNP', 'SNP']",multiple_SNPs,"[('C', 'G', 'SNP'), ('C', 'T', 'SNP')]",
ERR3242381,7994,G,A,2,2.0,"['SNP', 'SNP']",multiple_SNPs,"[('A', 'C', 'SNP'), ('A', 'G', 'SNP')]",
ERR3242381,10882,C,G,2,2.0,"['insertion', 'SNP']",insertion_plus_SNP,"[('G', 'GGC', 'insertion'), ('G', 'C', 'SNP')]",
ERR3242381,12047,G,C,2,2.0,"['insertion', 'SNP']",insertion_plus_SNP,"[('C', 'CGCG', 'insertion'), ('C', 'G', 'SNP')]",
ERR3989178,7994,G,A,2,2.0,"['SNP', 'SNP']",multiple_SNPs,"[('A', 'C', 'SNP'), ('A', 'G', 'SNP')]",
ERR3243048,10882,C,G,2,2.0,"['insertion', 'SNP']",insertion_plus_SNP,"[('G', 'GGC', 'insertion'), ('G', 'C', 'SNP')]",
ERR3239928,7719,T,C,2,2.0,"['SNP', 'SNP']",multiple_SNPs,"[('C', 'G', 'SNP'), ('C', 'T', 'SNP')]",
ERR3239928,10882,C,G,2,2.0,"['insertion', 'SNP']",insertion_plus_SNP,"[('G', 'GGC', 'insertion'), ('G', 'C', 'SNP')]",
ERR3243074,10882,C,G,2,2.0,"['insertion', 'SNP']",insertion_plus_SNP,"[('G', 'GGC', 'insertion'), ('G', 'C', 'SNP')]",
ERR3243060,10882,C,G,2,2.0,"['insertion', 'SNP']",insertion_plus_SNP,"[('G', 'GGC', 'insertion'), ('G', 'C', 'SNP')]",
ERR3239914,12047,G,C,2,2.0,"['insertion', 'SNP']",insertion_plus_SNP,"[('C', 'CGCG', 'insertion'), ('C', 'G', 'SNP')]",
ERR3242632,10882,C,G,2,2.0,"['insertion', 'SNP']",insertion_plus_SNP,"[('G', 'GGC', 'insertion'), ('G', 'C', 'SNP')]",
ERR3239280,7719,T,C,2,2.0,"['SNP', 'SNP']",multiple_SNPs,"[('C', 'G', 'SNP'), ('C', 'T', 'SNP')]",
ERR3239280,10882,C,G,2,2.0,"['insertion', 'SNP']",insertion_plus_SNP,"[('G', 'GGC', 'insertion'), ('G', 'C', 'SNP')]",
ERR3239280,12047,G,C,2,2.0,"['insertion', 'SNP']",insertion_plus_SNP,"[('C', 'CGCG', 'insertion'), ('C', 'G', 'SNP')]",
ERR3242154,10882,C,G,2,2.0,"['insertion', 'SNP']",insertion_plus_SNP,"[('G', 'GGC', 'insertion'), ('G', 'C', 'SNP')]",
ERR3242140,7719,T,C,2,2.0,"['SNP', 'SNP']",multiple_SNPs,"[('C', 'G', 'SNP'), ('C', 'T', 'SNP')]",
ERR3239294,7719,T,C,2,2.0,"['SNP', 'SNP']",multiple_SNPs,"[('C', 'G', 'SNP'), ('C', 'T', 'SNP')]",
ERR3239445,7994,G,A,2,2.0,"['SNP', 'SNP']",multiple_SNPs,"[('A', 'C', 'SNP'), ('A', 'G', 'SNP')]",
ERR3242949,7994,G,A,2,2.0,"['SNP', 'SNP']",multiple_SNPs,"[('A', 'C', 'SNP'), ('A', 'G', 'SNP')]",
ERR3242746,10882,C,G,2,2.0,"['insertion', 'SNP']",insertion_plus_SNP,"[('G', 'GGC', 'insertion'), ('G', 'C', 'SNP')]",
ERR3988879,10882,C,G,2,2.0,"['insertion', 'SNP']",insertion_plus_SNP,"[('G', 'GGC', 'insertion'), ('G', 'C', 'SNP')]",
ERR3242008,10882,C,G,2,2.0,"['insertion', 'SNP']",insertion_plus_SNP,"[('G', 'GGC', 'insertion'), ('G', 'C', 'SNP')]",
ERR3239653,10882,C,G,2,2.0,"['insertion', 'SNP']",insertion_plus_SNP,"[('G', 'GGC', 'insertion'), ('G', 'C', 'SNP')]",
ERR3239848,10882,C,G,2,2.0,"['insertion', 'SNP']",insertion_plus_SNP,"[('G', 'GGC', 'insertion'), ('G', 'C', 'SNP')]",
ERR3239690,10882,C,G,2,2.0,"['insertion', 'SNP']",insertion_plus_SNP,"[('G', 'GGC', 'insertion'), ('G', 'C', 'SNP')]",
ERR3239874,10882,C,G,2,2.0,"['insertion', 'SNP']",insertion_plus_SNP,"[('G', 'GGC', 'insertion'), ('G', 'C', 'SNP')]",
ERR3243100,10882,C,G,2,2.0,"['insertion', 'SNP']",insertion_plus_SNP,"[('G', 'GGC', 'insertion'), ('G', 'C', 'SNP')]",
ERR3242578,7994,G,A,2,2.0,"['SNP', 'SNP']",multiple_SNPs,"[('A', 'C', 'SNP'), ('A', 'G', 'SNP')]",
ERR3241703,7994,G,A,2,2.0,"['SNP', 'SNP']",multiple_SNPs,"[('A', 'C', 'SNP'), ('A', 'G', 'SNP')]",
ERR3243138,10882,C,G,2,2.0,"['insertion', 'SNP']",insertion_plus_SNP,"[('G', 'GGC', 'insertion'), ('G', 'C', 'SNP')]",
ERR3239864,7719,T,C,2,2.0,"['SNP', 'SNP']",multiple_SNPs,"[('C', 'G', 'SNP'), ('C', 'T', 'SNP')]",
ERR3243104,10882,C,G,2,2.0,"['insertion', 'SNP']",insertion_plus_SNP,"[('G', 'GGC', 'insertion'), ('G', 'C', 'SNP')]",
ERR3988855,7994,G,A,2,2.0,"['SNP', 'SNP']",multiple_SNPs,"[('A', 'C', 'SNP'), ('A', 'G', 'SNP')]",
ERR3988841,10882,C,G,2,2.0,"['insertion', 'SNP']",insertion_plus_SNP,"[('G', 'GGC', 'insertion'), ('G', 'C', 'SNP')]",
ERR3242742,7994,G,A,2,2.0,"['SNP', 'SNP']",multiple_SNPs,"[('A', 'C', 'SNP'), ('A', 'G', 'SNP')]",
ERR3988869,10882,C,G,2,2.0,"['insertion', 'SNP']",insertion_plus_SNP,"[('G', 'GGC', 'insertion'), ('G', 'C', 'SNP')]",
ERR3988882,10882,C,G,2,2.0,"['insertion', 'SNP']",insertion_plus_SNP,"[('G', 'GGC', 'insertion'), ('G', 'C', 'SNP')]",
ERR3242971,673,C,G,2,2.0,"['SNP', 'SNP']",multiple_SNPs,"[('G', 'C', 'SNP'), ('G', 'T', 'SNP')]",
ERR3239290,7719,T,C,2,2.0,"['SNP', 'SNP']",multiple_SNPs,"[('C', 'G', 'SNP'), ('C', 'T', 'SNP')]",
ERR3242150,10882,C,G,2,2.0,"['insertion', 'SNP']",insertion_plus_SNP,"[('G', 'GGC', 'insertion'), ('G', 'C', 'SNP')]",
ERR3989395,7994,G,A,2,2.0,"['SNP', 'SNP']",multiple_SNPs,"[('A', 'C', 'SNP'), ('A', 'G', 'SNP')]",
ERR3239509,7719,T,C,2,2.0,"['SNP', 'SNP']",multiple_SNPs,"[('C', 'G', 'SNP'), ('C', 'T', 'SNP')]",
ERR3243058,10882,C,G,2,2.0,"['insertion', 'SNP']",insertion_plus_SNP,"[('G', 'GGC', 'insertion'), ('G', 'C', 'SNP')]",
ERR3243070,7719,T,C,2,2.0,"['SNP', 'SNP']",multiple_SNPs,"[('C', 'G', 'SNP'), ('C', 'T', 'SNP')]",
ERR3241854,10882,C,G,2,2.0,"['insertion', 'SNP']",insertion_plus_SNP,"[('G', 'GGC', 'insertion'), ('G', 'C', 'SNP')]",
ERR3242391,10882,C,G,2,2.0,"['insertion', 'SNP']",insertion_plus_SNP,"[('G', 'GGC', 'insertion'), ('G', 'C', 'SNP')]",
ERR3989169,7994,G,A,2,2.0,"['SNP', 'SNP']",multiple_SNPs,"[('A', 'C', 'SNP'), ('A', 'G', 'SNP')]",
ERR3239722,7994,G,A,2,2.0,"['SNP', 'SNP']",multiple_SNPs,"[('A', 'C', 'SNP'), ('A', 'G', 'SNP')]",
ERR3242384,10882,C,G,2,2.0,"['insertion', 'SNP']",insertion_plus_SNP,"[('G', 'GGC', 'insertion'), ('G', 'C', 'SNP')]",
ERR3242409,7719,T,C,2,2.0,"['SNP', 'SNP']",multiple_SNPs,"[('C', 'G', 'SNP'), ('C', 'T', 'SNP')]",
ERR3241896,10882,C,G,2,2.0,"['insertion', 'SNP']",insertion_plus_SNP,"[('G', 'GGC', 'insertion'), ('G', 'C', 'SNP')]",
ERR3243059,10882,C,G,2,2.0,"['insertion', 'SNP']",insertion_plus_SNP,"[('G', 'GGC', 'insertion'), ('G', 'C', 'SNP')]",
ERR3242421,7994,G,A,2,2.0,"['SNP', 'SNP']",multiple_SNPs,"[('A', 'C', 'SNP'), ('A', 'G', 'SNP')]",
ERR3242810,7661,G,C,2,2.0,"['SNP', 'SNP']",multiple_SNPs,"[('C', 'A', 'SNP'), ('C', 'G', 'SNP')]",
ERR3239520,10882,C,G,2,2.0,"['insertion', 'SNP']",insertion_plus_SNP,"[('G', 'GGC', 'insertion'), ('G', 'C', 'SNP')]",
ERR3239520,12047,G,C,2,2.0,"['insertion', 'SNP']",insertion_plus_SNP,"[('C', 'CGCG', 'insertion'), ('C', 'G', 'SNP')]",
ERR3242838,10882,C,G,2,2.0,"['insertion', 'SNP']",insertion_plus_SNP,"[('G', 'GGC', 'insertion'), ('G', 'C', 'SNP')]",
ERR3242151,10882,C,G,2,2.0,"['insertion', 'SNP']",insertion_plus_SNP,"[('G', 'GGC', 'insertion'), ('G', 'C', 'SNP')]",
ERR3242145,10882,C,G,2,2.0,"['insertion', 'SNP']",insertion_plus_SNP,"[('G', 'GGC', 'insertion'), ('G', 'C', 'SNP')]",
ERR3239468,7719,T,C,2,2.0,"['SNP', 'SNP']",multiple_SNPs,"[('C', 'G', 'SNP'), ('C', 'T', 'SNP')]",
ERR3239454,10882,C,G,2,2.0,"['insertion', 'SNP']",insertion_plus_SNP,"[('G', 'GGC', 'insertion'), ('G', 'C', 'SNP')]",
ERR3239454,12047,G,C,2,2.0,"['insertion', 'SNP']",insertion_plus_SNP,"[('C', 'CGCG', 'insertion'), ('C', 'G', 'SNP')]",
ERR3988883,10882,C,G,2,2.0,"['insertion', 'SNP']",insertion_plus_SNP,"[('G', 'GGC', 'insertion'), ('G', 'C', 'SNP')]",
ERR3239332,10882,C,G,2,2.0,"['insertion', 'SNP']",insertion_plus_SNP,"[('G', 'GGC', 'insertion'), ('G', 'C', 'SNP')]",
ERR3242958,7994,G,A,2,2.0,"['SNP', 'SNP']",multiple_SNPs,"[('A', 'C', 'SNP'), ('A', 'G', 'SNP')]",
ERR3242031,7719,T,C,2,2.0,"['SNP', 'SNP']",multiple_SNPs,"[('C', 'G', 'SNP'), ('C', 'T', 'SNP')]",
ERR3239656,10882,C,G,2,2.0,"['insertion', 'SNP']",insertion_plus_SNP,"[('G', 'GGC', 'insertion'), ('G', 'C', 'SNP')]",
ERR3243111,10882,C,G,2,2.0,"['insertion', 'SNP']",insertion_plus_SNP,"[('G', 'GGC', 'insertion'), ('G', 'C', 'SNP')]",
ERR3239865,10882,C,G,2,2.0,"['insertion', 'SNP']",insertion_plus_SNP,"[('G', 'GGC', 'insertion'), ('G', 'C', 'SNP')]",
ERR3241706,10882,C,G,2,2.0,"['insertion', 'SNP']",insertion_plus_SNP,"[('G', 'GGC', 'insertion'), ('G', 'C', 'SNP')]",
ERR3242541,7994,G,A,2,2.0,"['SNP', 'SNP']",multiple_SNPs,"[('A', 'C', 'SNP'), ('A', 'G', 'SNP')]",
ERR3243139,7719,T,C,2,2.0,"['SNP', 'SNP']",multiple_SNPs,"[('C', 'G', 'SNP'), ('C', 'T', 'SNP')]",
ERR3243139,10882,C,G,2,2.0,"['insertion', 'SNP']",insertion_plus_SNP,"[('G', 'GGC', 'insertion'), ('G', 'C', 'SNP')]",
ERR3241710,10882,C,G,2,2.0,"['insertion', 'SNP']",insertion_plus_SNP,"[('G', 'GGC', 'insertion'), ('G', 'C', 'SNP')]",
ERR3239330,7719,T,C,2,2.0,"['SNP', 'SNP']",multiple_SNPs,"[('C', 'G', 'SNP'), ('C', 'T', 'SNP')]",
ERR3239324,7719,T,C,2,2.0,"['SNP', 'SNP']",multiple_SNPs,"[('C', 'G', 'SNP'), ('C', 'T', 'SNP')]",
ERR3242153,10882,C,G,2,2.0,"['insertion', 'SNP']",insertion_plus_SNP,"[('G', 'GGC', 'insertion'), ('G', 'C', 'SNP')]",
ERR3242147,10882,C,G,2,2.0,"['insertion', 'SNP']",insertion_plus_SNP,"[('G', 'GGC', 'insertion'), ('G', 'C', 'SNP')]",
ERR3989341,2553,G,C,2,2.0,"['SNP', 'SNP']",multiple_SNPs,"[('C', 'A', 'SNP'), ('C', 'G', 'SNP')]",
ERR3241894,7719,T,C,2,2.0,"['SNP', 'SNP']",multiple_SNPs,"[('C', 'G', 'SNP'), ('C', 'T', 'SNP')]",
ERR3243073,10882,C,G,2,2.0,"['insertion', 'SNP']",insertion_plus_SNP,"[('G', 'GGC', 'insertion'), ('G', 'C', 'SNP')]",
ERR3243067,7719,T,C,2,2.0,"['SNP', 'SNP']",multiple_SNPs,"[('C', 'G', 'SNP'), ('C', 'T', 'SNP')]",
ERR3243067,10882,C,G,2,2.0,"['insertion', 'SNP']",insertion_plus_SNP,"[('G', 'GGC', 'insertion'), ('G', 'C', 'SNP')]",
ERR3242392,12047,G,C,2,2.0,"['insertion', 'SNP']",insertion_plus_SNP,"[('C', 'CGCG', 'insertion'), ('C', 'G', 'SNP')]",
ERR3989157,7994,G,A,2,2.0,"['SNP', 'SNP']",multiple_SNPs,"[('A', 'C', 'SNP'), ('A', 'G', 'SNP')]",
ERR3242386,7994,G,A,2,2.0,"['SNP', 'SNP']",multiple_SNPs,"[('A', 'C', 'SNP'), ('A', 'G', 'SNP')]",
ERR3242386,10882,C,G,2,2.0,"['insertion', 'SNP']",insertion_plus_SNP,"[('G', 'GGC', 'insertion'), ('G', 'C', 'SNP')]",
ERR3243098,10882,C,G,2,2.0,"['insertion', 'SNP']",insertion_plus_SNP,"[('G', 'GGC', 'insertion'), ('G', 'C', 'SNP')]",
ERR3243099,10882,C,G,2,2.0,"['insertion', 'SNP']",insertion_plus_SNP,"[('G', 'GGC', 'insertion'), ('G', 'C', 'SNP')]",
ERR3242393,10882,C,G,2,2.0,"['insertion', 'SNP']",insertion_plus_SNP,"[('G', 'GGC', 'insertion'), ('G', 'C', 'SNP')]",
ERR3242378,10882,C,G,2,2.0,"['insertion', 'SNP']",insertion_plus_SNP,"[('G', 'GGC', 'insertion'), ('G', 'C', 'SNP')]",
ERR3241671,10882,C,G,2,2.0,"['insertion', 'SNP']",insertion_plus_SNP,"[('G', 'GGC', 'insertion'), ('G', 'C', 'SNP')]",
ERR3241895,10882,C,G,2,2.0,"['insertion', 'SNP']",insertion_plus_SNP,"[('G', 'GGC', 'insertion'), ('G', 'C', 'SNP')]",
ERR3240221,7719,T,C,2,2.0,"['SNP', 'SNP']",multiple_SNPs,"[('C', 'G', 'SNP'), ('C', 'T', 'SNP')]",
ERR3240221,10882,C,G,2,2.0,"['insertion', 'SNP']",insertion_plus_SNP,"[('G', 'GGC', 'insertion'), ('G', 'C', 'SNP')]",
ERR3240037,7719,T,C,2,2.0,"['SNP', 'SNP']",multiple_SNPs,"[('C', 'G', 'SNP'), ('C', 'T', 'SNP')]",
ERR3242152,10882,C,G,2,2.0,"['insertion', 'SNP']",insertion_plus_SNP,"[('G', 'GGC', 'insertion'), ('G', 'C', 'SNP')]",
ERR3239319,7719,T,C,2,2.0,"['SNP', 'SNP']",multiple_SNPs,"[('C', 'G', 'SNP'), ('C', 'T', 'SNP')]",
ERR3242973,10882,C,G,2,2.0,"['insertion', 'SNP']",insertion_plus_SNP,"[('G', 'GGC', 'insertion'), ('G', 'C', 'SNP')]",
ERR3239443,10882,C,G,2,2.0,"['insertion', 'SNP']",insertion_plus_SNP,"[('G', 'GGC', 'insertion'), ('G', 'C', 'SNP')]",
ERR3240194,10882,C,G,2,2.0,"['insertion', 'SNP']",insertion_plus_SNP,"[('G', 'GGC', 'insertion'), ('G', 'C', 'SNP')]",
ERR3240143,10882,C,G,2,2.0,"['insertion', 'SNP']",insertion_plus_SNP,"[('G', 'GGC', 'insertion'), ('G', 'C', 'SNP')]",
ERR3242754,7719,T,C,2,2.0,"['SNP', 'SNP']",multiple_SNPs,"[('C', 'G', 'SNP'), ('C', 'T', 'SNP')]",
ERR3242740,10882,C,G,2,2.0,"['insertion', 'SNP']",insertion_plus_SNP,"[('G', 'GGC', 'insertion'), ('G', 'C', 'SNP')]",
ERR3239872,10882,C,G,2,2.0,"['insertion', 'SNP']",insertion_plus_SNP,"[('G', 'GGC', 'insertion'), ('G', 'C', 'SNP')]",
ERR3243106,10882,C,G,2,2.0,"['insertion', 'SNP']",insertion_plus_SNP,"[('G', 'GGC', 'insertion'), ('G', 'C', 'SNP')]",
ERR3239801,10882,C,G,2,2.0,"['insertion', 'SNP']",insertion_plus_SNP,"[('G', 'GGC', 'insertion'), ('G', 'C', 'SNP')]",
ERR3241986,10882,C,G,2,2.0,"['insertion', 'SNP']",insertion_plus_SNP,"[('G', 'GGC', 'insertion'), ('G', 'C', 'SNP')]",
ERR3989092,10882,C,G,2,2.0,"['insertion', 'SNP']",insertion_plus_SNP,"[('G', 'GGC', 'insertion'), ('G', 'C', 'SNP')]",
ERR3243149,7719,T,C,2,2.0,"['SNP', 'SNP']",multiple_SNPs,"[('C', 'G', 'SNP'), ('C', 'T', 'SNP')]",
ERR3243149,10882,C,G,2,2.0,"['insertion', 'SNP']",insertion_plus_SNP,"[('G', 'GGC', 'insertion'), ('G', 'C', 'SNP')]",
ERR3989079,10093,C,T,2,3.0,"['insertion', 'insertion', 'SNP']",insertion_plus_SNP,"[('C', 'CGG', 'insertion'), ('C', 'CGGCGG', 'insertion'), ('C', 'T', 'SNP')]",
ERR3989079,10882,C,G,2,2.0,"['insertion', 'SNP']",insertion_plus_SNP,"[('G', 'GGC', 'insertion'), ('G', 'C', 'SNP')]",
ERR3242069,10882,C,G,2,2.0,"['insertion', 'SNP']",insertion_plus_SNP,"[('G', 'GGC', 'insertion'), ('G', 'C', 'SNP')]",
ERR3240118,7719,T,C,2,2.0,"['SNP', 'SNP']",multiple_SNPs,"[('C', 'G', 'SNP'), ('C', 'T', 'SNP')]",
ERR3242727,10882,C,G,2,2.0,"['insertion', 'SNP']",insertion_plus_SNP,"[('G', 'GGC', 'insertion'), ('G', 'C', 'SNP')]",
ERR3239418,7719,T,C,2,2.0,"['SNP', 'SNP']",multiple_SNPs,"[('C', 'G', 'SNP'), ('C', 'T', 'SNP')]",
ERR3242096,10882,C,G,2,2.0,"['insertion', 'SNP']",insertion_plus_SNP,"[('G', 'GGC', 'insertion'), ('G', 'C', 'SNP')]",
ERR3242928,7719,T,C,2,2.0,"['SNP', 'SNP']",multiple_SNPs,"[('C', 'G', 'SNP'), ('C', 'T', 'SNP')]",
ERR3239342,10882,C,G,2,2.0,"['insertion', 'SNP']",insertion_plus_SNP,"[('G', 'GGC', 'insertion'), ('G', 'C', 'SNP')]",
ERR3240050,7719,T,C,2,2.0,"['SNP', 'SNP']",multiple_SNPs,"[('C', 'G', 'SNP'), ('C', 'T', 'SNP')]",
ERR3239578,7719,T,C,2,2.0,"['SNP', 'SNP']",multiple_SNPs,"[('C', 'G', 'SNP'), ('C', 'T', 'SNP')]",
ERR3988763,10882,C,G,2,2.0,"['insertion', 'SNP']",insertion_plus_SNP,"[('G', 'GGC', 'insertion'), ('G', 'C', 'SNP')]",
ERR3242684,7719,T,C,2,2.0,"['SNP', 'SNP']",multiple_SNPs,"[('C', 'G', 'SNP'), ('C', 'T', 'SNP')]",
ERR3243015,10882,C,G,2,2.0,"['insertion', 'SNP']",insertion_plus_SNP,"[('G', 'GGC', 'insertion'), ('G', 'C', 'SNP')]",
ERR3239785,10882,C,G,2,2.0,"['insertion', 'SNP']",insertion_plus_SNP,"[('G', 'GGC', 'insertion'), ('G', 'C', 'SNP')]",
ERR3242451,10882,C,G,2,2.0,"['insertion', 'SNP']",insertion_plus_SNP,"[('G', 'GGC', 'insertion'), ('G', 'C', 'SNP')]",
ERR3241830,12047,G,C,2,2.0,"['insertion', 'SNP']",insertion_plus_SNP,"[('C', 'CGCG', 'insertion'), ('C', 'G', 'SNP')]",
ERR3239948,7719,T,C,2,2.0,"['SNP', 'SNP']",multiple_SNPs,"[('C', 'G', 'SNP'), ('C', 'T', 'SNP')]",
ERR3242450,7719,T,C,2,2.0,"['SNP', 'SNP']",multiple_SNPs,"[('C', 'G', 'SNP'), ('C', 'T', 'SNP')]",
ERR3240247,10882,C,G,2,2.0,"['insertion', 'SNP']",insertion_plus_SNP,"[('G', 'GGC', 'insertion'), ('G', 'C', 'SNP')]",
ERR3239974,10882,C,G,2,2.0,"['insertion', 'SNP']",insertion_plus_SNP,"[('G', 'GGC', 'insertion'), ('G', 'C', 'SNP')]",
ERR3242685,7719,T,C,2,2.0,"['SNP', 'SNP']",multiple_SNPs,"[('C', 'G', 'SNP'), ('C', 'T', 'SNP')]",
ERR3242849,10882,C,G,2,2.0,"['insertion', 'SNP']",insertion_plus_SNP,"[('G', 'GGC', 'insertion'), ('G', 'C', 'SNP')]",
ERR3242120,10882,C,G,2,2.0,"['insertion', 'SNP']",insertion_plus_SNP,"[('G', 'GGC', 'insertion'), ('G', 'C', 'SNP')]",
ERR3240045,10882,C,G,2,2.0,"['insertion', 'SNP']",insertion_plus_SNP,"[('G', 'GGC', 'insertion'), ('G', 'C', 'SNP')]",
ERR3242083,7719,T,C,2,2.0,"['SNP', 'SNP']",multiple_SNPs,"[('C', 'G', 'SNP'), ('C', 'T', 'SNP')]",
ERR3242083,10882,C,G,2,2.0,"['insertion', 'SNP']",insertion_plus_SNP,"[('G', 'GGC', 'insertion'), ('G', 'C', 'SNP')]",
ERR3239419,7719,T,C,2,2.0,"['SNP', 'SNP']",multiple_SNPs,"[('C', 'G', 'SNP'), ('C', 'T', 'SNP')]",
ERR3239419,10882,C,G,2,2.0,"['insertion', 'SNP']",insertion_plus_SNP,"[('G', 'GGC', 'insertion'), ('G', 'C', 'SNP')]",
ERR3988831,10882,C,G,2,2.0,"['insertion', 'SNP']",insertion_plus_SNP,"[('G', 'GGC', 'insertion'), ('G', 'C', 'SNP')]",
ERR3239394,10882,C,G,2,2.0,"['insertion', 'SNP']",insertion_plus_SNP,"[('G', 'GGC', 'insertion'), ('G', 'C', 'SNP')]",
ERR3988825,10882,C,G,2,2.0,"['insertion', 'SNP']",insertion_plus_SNP,"[('G', 'GGC', 'insertion'), ('G', 'C', 'SNP')]",
ERR3242068,10882,C,G,2,2.0,"['insertion', 'SNP']",insertion_plus_SNP,"[('G', 'GGC', 'insertion'), ('G', 'C', 'SNP')]",
ERR3239627,7719,T,C,2,2.0,"['SNP', 'SNP']",multiple_SNPs,"[('C', 'G', 'SNP'), ('C', 'T', 'SNP')]",
ERR3989078,7994,G,A,2,2.0,"['SNP', 'SNP']",multiple_SNPs,"[('A', 'C', 'SNP'), ('A', 'G', 'SNP')]",
ERR3989078,10882,C,G,2,2.0,"['insertion', 'SNP']",insertion_plus_SNP,"[('G', 'GGC', 'insertion'), ('G', 'C', 'SNP')]",
ERR3989087,10882,C,G,2,2.0,"['insertion', 'SNP']",insertion_plus_SNP,"[('G', 'GGC', 'insertion'), ('G', 'C', 'SNP')]",
ERR3242242,7719,T,C,2,2.0,"['SNP', 'SNP']",multiple_SNPs,"[('C', 'G', 'SNP'), ('C', 'T', 'SNP')]",
ERR3242518,10093,C,G,2,3.0,"['insertion', 'insertion', 'SNP']",insertion_plus_SNP,"[('C', 'CGG', 'insertion'), ('C', 'CGGCGG', 'insertion'), ('C', 'G', 'SNP')]",
ERR3242268,10093,C,G,2,3.0,"['insertion', 'insertion', 'SNP']",insertion_plus_SNP,"[('C', 'CGG', 'insertion'), ('C', 'CGGCGG', 'insertion'), ('C', 'G', 'SNP')]",
ERR3239802,10882,C,G,2,2.0,"['insertion', 'SNP']",insertion_plus_SNP,"[('G', 'GGC', 'insertion'), ('G', 'C', 'SNP')]",
ERR3241775,10882,C,G,2,2.0,"['insertion', 'SNP']",insertion_plus_SNP,"[('G', 'GGC', 'insertion'), ('G', 'C', 'SNP')]",
ERR3239816,10882,C,G,2,2.0,"['insertion', 'SNP']",insertion_plus_SNP,"[('G', 'GGC', 'insertion'), ('G', 'C', 'SNP')]",
ERR3243162,10882,C,G,2,2.0,"['insertion', 'SNP']",insertion_plus_SNP,"[('G', 'GGC', 'insertion'), ('G', 'C', 'SNP')]",
ERR3242532,7994,G,A,2,2.0,"['SNP', 'SNP']",multiple_SNPs,"[('A', 'C', 'SNP'), ('A', 'G', 'SNP')]",
ERR3242240,10882,C,G,2,2.0,"['insertion', 'SNP']",insertion_plus_SNP,"[('G', 'GGC', 'insertion'), ('G', 'C', 'SNP')]",
ERR3241991,10882,C,G,2,2.0,"['insertion', 'SNP']",insertion_plus_SNP,"[('G', 'GGC', 'insertion'), ('G', 'C', 'SNP')]",
ERR3239625,12047,G,C,2,2.0,"['insertion', 'SNP']",insertion_plus_SNP,"[('C', 'CGCG', 'insertion'), ('C', 'G', 'SNP')]",
ERR3240127,10882,C,G,2,2.0,"['insertion', 'SNP']",insertion_plus_SNP,"[('G', 'GGC', 'insertion'), ('G', 'C', 'SNP')]",
ERR3239341,7994,G,A,2,2.0,"['SNP', 'SNP']",multiple_SNPs,"[('A', 'C', 'SNP'), ('A', 'G', 'SNP')]",
ERR3242095,10882,C,G,2,2.0,"['insertion', 'SNP']",insertion_plus_SNP,"[('G', 'GGC', 'insertion'), ('G', 'C', 'SNP')]",
ERR3239355,7719,T,C,2,2.0,"['SNP', 'SNP']",multiple_SNPs,"[('C', 'G', 'SNP'), ('C', 'T', 'SNP')]",
ERR3240053,7661,G,C,2,2.0,"['SNP', 'SNP']",multiple_SNPs,"[('C', 'A', 'SNP'), ('C', 'G', 'SNP')]",
ERR3242644,10882,C,G,2,2.0,"['insertion', 'SNP']",insertion_plus_SNP,"[('G', 'GGC', 'insertion'), ('G', 'C', 'SNP')]",
ERR3239584,10882,C,G,2,2.0,"['insertion', 'SNP']",insertion_plus_SNP,"[('G', 'GGC', 'insertion'), ('G', 'C', 'SNP')]",
ERR3242650,7719,T,C,2,2.0,"['SNP', 'SNP']",multiple_SNPs,"[('C', 'G', 'SNP'), ('C', 'T', 'SNP')]",
ERR3988953,10882,C,G,2,2.0,"['insertion', 'SNP']",insertion_plus_SNP,"[('G', 'GGC', 'insertion'), ('G', 'C', 'SNP')]",
ERR3240047,10093,C,G,2,3.0,"['insertion', 'insertion', 'SNP']",insertion_plus_SNP,"[('C', 'CGG', 'insertion'), ('C', 'CGGCGG', 'insertion'), ('C', 'G', 'SNP')]",
ERR3242863,7719,T,C,2,2.0,"['SNP', 'SNP']",multiple_SNPs,"[('C', 'G', 'SNP'), ('C', 'T', 'SNP')]",
ERR3239553,7719,T,C,2,2.0,"['SNP', 'SNP']",multiple_SNPs,"[('C', 'G', 'SNP'), ('C', 'T', 'SNP')]",
ERR3243016,10882,C,G,2,2.0,"['insertion', 'SNP']",insertion_plus_SNP,"[('G', 'GGC', 'insertion'), ('G', 'C', 'SNP')]",
ERR3239989,10882,C,G,2,2.0,"['insertion', 'SNP']",insertion_plus_SNP,"[('G', 'GGC', 'insertion'), ('G', 'C', 'SNP')]",
ERR3242485,10882,C,G,2,2.0,"['insertion', 'SNP']",insertion_plus_SNP,"[('G', 'GGC', 'insertion'), ('G', 'C', 'SNP')]",
ERR3242484,10882,C,G,2,2.0,"['insertion', 'SNP']",insertion_plus_SNP,"[('G', 'GGC', 'insertion'), ('G', 'C', 'SNP')]",
ERR3240244,10882,C,G,2,2.0,"['insertion', 'SNP']",insertion_plus_SNP,"[('G', 'GGC', 'insertion'), ('G', 'C', 'SNP')]",
ERR3239787,10882,C,G,2,2.0,"['insertion', 'SNP']",insertion_plus_SNP,"[('G', 'GGC', 'insertion'), ('G', 'C', 'SNP')]",
ERR3239793,10882,C,G,2,2.0,"['insertion', 'SNP']",insertion_plus_SNP,"[('G', 'GGC', 'insertion'), ('G', 'C', 'SNP')]",
ERR3243017,10882,C,G,2,2.0,"['insertion', 'SNP']",insertion_plus_SNP,"[('G', 'GGC', 'insertion'), ('G', 'C', 'SNP')]",
ERR3242876,7719,T,C,2,2.0,"['SNP', 'SNP']",multiple_SNPs,"[('C', 'G', 'SNP'), ('C', 'T', 'SNP')]",
ERR3242862,10882,C,G,2,2.0,"['insertion', 'SNP']",insertion_plus_SNP,"[('G', 'GGC', 'insertion'), ('G', 'C', 'SNP')]",
ERR3242137,7719,T,C,2,2.0,"['SNP', 'SNP']",multiple_SNPs,"[('C', 'G', 'SNP'), ('C', 'T', 'SNP')]",
ERR3239585,7719,T,C,2,2.0,"['SNP', 'SNP']",multiple_SNPs,"[('C', 'G', 'SNP'), ('C', 'T', 'SNP')]",
ERR3240046,10882,C,G,2,2.0,"['insertion', 'SNP']",insertion_plus_SNP,"[('G', 'GGC', 'insertion'), ('G', 'C', 'SNP')]",
ERR3242123,10882,C,G,2,2.0,"['insertion', 'SNP']",insertion_plus_SNP,"[('G', 'GGC', 'insertion'), ('G', 'C', 'SNP')]",
ERR3242094,10882,C,G,2,2.0,"['insertion', 'SNP']",insertion_plus_SNP,"[('G', 'GGC', 'insertion'), ('G', 'C', 'SNP')]",
ERR3239426,7994,G,A,2,2.0,"['SNP', 'SNP']",multiple_SNPs,"[('A', 'C', 'SNP'), ('A', 'G', 'SNP')]",
ERR3242725,7719,T,C,2,2.0,"['SNP', 'SNP']",multiple_SNPs,"[('C', 'G', 'SNP'), ('C', 'T', 'SNP')]",
ERR3239624,10882,C,G,2,2.0,"['insertion', 'SNP']",insertion_plus_SNP,"[('G', 'GGC', 'insertion'), ('G', 'C', 'SNP')]",
ERR3239618,10882,C,G,2,2.0,"['insertion', 'SNP']",insertion_plus_SNP,"[('G', 'GGC', 'insertion'), ('G', 'C', 'SNP')]",
ERR3989090,10882,C,G,2,2.0,"['insertion', 'SNP']",insertion_plus_SNP,"[('G', 'GGC', 'insertion'), ('G', 'C', 'SNP')]",
ERR3242533,7719,T,C,2,2.0,"['SNP', 'SNP']",multiple_SNPs,"[('C', 'G', 'SNP'), ('C', 'T', 'SNP')]",
ERR3242269,7719,T,C,2,2.0,"['SNP', 'SNP']",multiple_SNPs,"[('C', 'G', 'SNP'), ('C', 'T', 'SNP')]",
ERR3242269,10882,C,G,2,2.0,"['insertion', 'SNP']",insertion_plus_SNP,"[('G', 'GGC', 'insertion'), ('G', 'C', 'SNP')]",
ERR3241758,10882,C,G,2,2.0,"['insertion', 'SNP']",insertion_plus_SNP,"[('G', 'GGC', 'insertion'), ('G', 'C', 'SNP')]",
ERR3989080,10882,C,G,2,2.0,"['insertion', 'SNP']",insertion_plus_SNP,"[('G', 'GGC', 'insertion'), ('G', 'C', 'SNP')]",
ERR3241994,7719,T,C,2,2.0,"['SNP', 'SNP']",multiple_SNPs,"[('C', 'G', 'SNP'), ('C', 'T', 'SNP')]",
ERR3242523,10882,C,G,2,2.0,"['insertion', 'SNP']",insertion_plus_SNP,"[('G', 'GGC', 'insertion'), ('G', 'C', 'SNP')]",
ERR3239620,7994,G,A,2,2.0,"['SNP', 'SNP']",multiple_SNPs,"[('A', 'C', 'SNP'), ('A', 'G', 'SNP')]",
ERR3239620,10882,C,G,2,2.0,"['insertion', 'SNP']",insertion_plus_SNP,"[('G', 'GGC', 'insertion'), ('G', 'C', 'SNP')]",
ERR3989057,10882,C,G,2,2.0,"['insertion', 'SNP']",insertion_plus_SNP,"[('G', 'GGC', 'insertion'), ('G', 'C', 'SNP')]",
ERR3989043,7994,G,A,2,2.0,"['SNP', 'SNP']",multiple_SNPs,"[('A', 'C', 'SNP'), ('A', 'G', 'SNP')]",
ERR3242053,7719,T,C,2,2.0,"['SNP', 'SNP']",multiple_SNPs,"[('C', 'G', 'SNP'), ('C', 'T', 'SNP')]",
ERR3242735,7994,G,A,2,2.0,"['SNP', 'SNP']",multiple_SNPs,"[('A', 'C', 'SNP'), ('A', 'G', 'SNP')]",
ERR3242721,10882,C,G,2,2.0,"['insertion', 'SNP']",insertion_plus_SNP,"[('G', 'GGC', 'insertion'), ('G', 'C', 'SNP')]",
ERR3988822,10882,C,G,2,2.0,"['insertion', 'SNP']",insertion_plus_SNP,"[('G', 'GGC', 'insertion'), ('G', 'C', 'SNP')]",
ERR3242709,7661,G,C,2,2.0,"['SNP', 'SNP']",multiple_SNPs,"[('C', 'A', 'SNP'), ('C', 'G', 'SNP')]",
ERR3239350,10882,C,G,2,2.0,"['insertion', 'SNP']",insertion_plus_SNP,"[('G', 'GGC', 'insertion'), ('G', 'C', 'SNP')]",
ERR3242084,10882,C,G,2,2.0,"['insertion', 'SNP']",insertion_plus_SNP,"[('G', 'GGC', 'insertion'), ('G', 'C', 'SNP')]",
ERR3239378,10882,C,G,2,2.0,"['insertion', 'SNP']",insertion_plus_SNP,"[('G', 'GGC', 'insertion'), ('G', 'C', 'SNP')]",
ERR3988942,10882,C,G,2,2.0,"['insertion', 'SNP']",insertion_plus_SNP,"[('G', 'GGC', 'insertion'), ('G', 'C', 'SNP')]",
ERR3242641,10882,C,G,2,2.0,"['insertion', 'SNP']",insertion_plus_SNP,"[('G', 'GGC', 'insertion'), ('G', 'C', 'SNP')]",
ERR3242641,12047,G,C,2,2.0,"['insertion', 'SNP']",insertion_plus_SNP,"[('C', 'CGCG', 'insertion'), ('C', 'G', 'SNP')]",
ERR3240042,10882,C,G,2,2.0,"['insertion', 'SNP']",insertion_plus_SNP,"[('G', 'GGC', 'insertion'), ('G', 'C', 'SNP')]",
ERR3242133,7719,T,C,2,2.0,"['SNP', 'SNP']",multiple_SNPs,"[('C', 'G', 'SNP'), ('C', 'T', 'SNP')]",
ERR3242133,10882,C,G,2,2.0,"['insertion', 'SNP']",insertion_plus_SNP,"[('G', 'GGC', 'insertion'), ('G', 'C', 'SNP')]",
ERR3240095,10882,C,G,2,2.0,"['insertion', 'SNP']",insertion_plus_SNP,"[('G', 'GGC', 'insertion'), ('G', 'C', 'SNP')]",
ERR3239542,10882,C,G,2,2.0,"['insertion', 'SNP']",insertion_plus_SNP,"[('G', 'GGC', 'insertion'), ('G', 'C', 'SNP')]",
ERR3988771,10882,C,G,2,2.0,"['insertion', 'SNP']",insertion_plus_SNP,"[('G', 'GGC', 'insertion'), ('G', 'C', 'SNP')]",
ERR3239797,10882,C,G,2,2.0,"['insertion', 'SNP']",insertion_plus_SNP,"[('G', 'GGC', 'insertion'), ('G', 'C', 'SNP')]",
ERR3242319,7719,T,C,2,2.0,"['SNP', 'SNP']",multiple_SNPs,"[('C', 'G', 'SNP'), ('C', 'T', 'SNP')]",
ERR3239973,10882,C,G,2,2.0,"['insertion', 'SNP']",insertion_plus_SNP,"[('G', 'GGC', 'insertion'), ('G', 'C', 'SNP')]",
ERR3243013,12047,G,C,2,2.0,"['insertion', 'SNP']",insertion_plus_SNP,"[('C', 'CGCG', 'insertion'), ('C', 'G', 'SNP')]",
ERR3241837,10882,C,G,2,2.0,"['insertion', 'SNP']",insertion_plus_SNP,"[('G', 'GGC', 'insertion'), ('G', 'C', 'SNP')]",
ERR3239999,7719,T,C,2,2.0,"['SNP', 'SNP']",multiple_SNPs,"[('C', 'G', 'SNP'), ('C', 'T', 'SNP')]",
ERR3242481,7994,G,A,2,2.0,"['SNP', 'SNP']",multiple_SNPs,"[('A', 'C', 'SNP'), ('A', 'G', 'SNP')]",
ERR3241836,7719,T,C,2,2.0,"['SNP', 'SNP']",multiple_SNPs,"[('C', 'G', 'SNP'), ('C', 'T', 'SNP')]",
ERR3243012,10882,C,G,2,2.0,"['insertion', 'SNP']",insertion_plus_SNP,"[('G', 'GGC', 'insertion'), ('G', 'C', 'SNP')]",
ERR3239796,10882,C,G,2,2.0,"['insertion', 'SNP']",insertion_plus_SNP,"[('G', 'GGC', 'insertion'), ('G', 'C', 'SNP')]",
ERR3988957,10882,C,G,2,2.0,"['insertion', 'SNP']",insertion_plus_SNP,"[('G', 'GGC', 'insertion'), ('G', 'C', 'SNP')]",
ERR3242654,10882,C,G,2,2.0,"['insertion', 'SNP']",insertion_plus_SNP,"[('G', 'GGC', 'insertion'), ('G', 'C', 'SNP')]",
ERR3242898,10882,C,G,2,2.0,"['insertion', 'SNP']",insertion_plus_SNP,"[('G', 'GGC', 'insertion'), ('G', 'C', 'SNP')]",
ERR3242085,10882,C,G,2,2.0,"['insertion', 'SNP']",insertion_plus_SNP,"[('G', 'GGC', 'insertion'), ('G', 'C', 'SNP')]",
ERR3242091,10882,C,G,2,2.0,"['insertion', 'SNP']",insertion_plus_SNP,"[('G', 'GGC', 'insertion'), ('G', 'C', 'SNP')]",
ERR3239392,10882,C,G,2,2.0,"['insertion', 'SNP']",insertion_plus_SNP,"[('G', 'GGC', 'insertion'), ('G', 'C', 'SNP')]",
ERR3988837,10882,C,G,2,2.0,"['insertion', 'SNP']",insertion_plus_SNP,"[('G', 'GGC', 'insertion'), ('G', 'C', 'SNP')]",
ERR3989081,7994,G,A,2,2.0,"['SNP', 'SNP']",multiple_SNPs,"[('A', 'C', 'SNP'), ('A', 'G', 'SNP')]",
ERR3989081,10882,C,G,2,2.0,"['insertion', 'SNP']",insertion_plus_SNP,"[('G', 'GGC', 'insertion'), ('G', 'C', 'SNP')]",
ERR3242250,7719,T,C,2,2.0,"['SNP', 'SNP']",multiple_SNPs,"[('C', 'G', 'SNP'), ('C', 'T', 'SNP')]",
ERR3241981,10093,C,G,2,3.0,"['insertion', 'insertion', 'SNP']",insertion_plus_SNP,"[('C', 'CGG', 'insertion'), ('C', 'CGGCGG', 'insertion'), ('C', 'G', 'SNP')]",
ERR3989095,7994,G,A,2,2.0,"['SNP', 'SNP']",multiple_SNPs,"[('A', 'C', 'SNP'), ('A', 'G', 'SNP')]",
ERR3989095,10882,C,G,2,2.0,"['insertion', 'SNP']",insertion_plus_SNP,"[('G', 'GGC', 'insertion'), ('G', 'C', 'SNP')]",
ERR3242520,7719,T,C,2,2.0,"['SNP', 'SNP']",multiple_SNPs,"[('C', 'G', 'SNP'), ('C', 'T', 'SNP')]",
ERR3241997,10882,C,G,2,2.0,"['insertion', 'SNP']",insertion_plus_SNP,"[('G', 'GGC', 'insertion'), ('G', 'C', 'SNP')]",
ERR3989083,524,G,C,2,2.0,"['insertion', 'SNP']",insertion_plus_SNP,"[('C', 'CGGG', 'insertion'), ('C', 'G', 'SNP')]",
ERR3989083,10882,C,G,2,2.0,"['insertion', 'SNP']",insertion_plus_SNP,"[('G', 'GGC', 'insertion'), ('G', 'C', 'SNP')]",
ERR3989097,10882,C,G,2,2.0,"['insertion', 'SNP']",insertion_plus_SNP,"[('G', 'GGC', 'insertion'), ('G', 'C', 'SNP')]",
ERR3241983,10882,C,G,2,2.0,"['insertion', 'SNP']",insertion_plus_SNP,"[('G', 'GGC', 'insertion'), ('G', 'C', 'SNP')]",
ERR3241773,10882,C,G,2,2.0,"['insertion', 'SNP']",insertion_plus_SNP,"[('G', 'GGC', 'insertion'), ('G', 'C', 'SNP')]",
ERR3239804,7719,T,C,2,2.0,"['SNP', 'SNP']",multiple_SNPs,"[('C', 'G', 'SNP'), ('C', 'T', 'SNP')]",
ERR3239637,10882,C,G,2,2.0,"['insertion', 'SNP']",insertion_plus_SNP,"[('G', 'GGC', 'insertion'), ('G', 'C', 'SNP')]",
ERR3241798,7719,T,C,2,2.0,"['SNP', 'SNP']",multiple_SNPs,"[('C', 'G', 'SNP'), ('C', 'T', 'SNP')]",
ERR3241968,10882,C,G,2,2.0,"['insertion', 'SNP']",insertion_plus_SNP,"[('G', 'GGC', 'insertion'), ('G', 'C', 'SNP')]",
ERR3989068,10882,C,G,2,2.0,"['insertion', 'SNP']",insertion_plus_SNP,"[('G', 'GGC', 'insertion'), ('G', 'C', 'SNP')]",
ERR3239390,7994,G,A,2,2.0,"['SNP', 'SNP']",multiple_SNPs,"[('A', 'C', 'SNP'), ('A', 'G', 'SNP')]",
ERR3240121,10882,C,G,2,2.0,"['insertion', 'SNP']",insertion_plus_SNP,"[('G', 'GGC', 'insertion'), ('G', 'C', 'SNP')]",
ERR3242736,10882,C,G,2,2.0,"['insertion', 'SNP']",insertion_plus_SNP,"[('G', 'GGC', 'insertion'), ('G', 'C', 'SNP')]",
ERR3242078,10093,C,G,2,3.0,"['insertion', 'insertion', 'SNP']",insertion_plus_SNP,"[('C', 'CGGG', 'insertion'), ('C', 'CGG', 'insertion'), ('C', 'G', 'SNP')]",
ERR3242078,10882,C,G,2,2.0,"['insertion', 'SNP']",insertion_plus_SNP,"[('G', 'GGC', 'insertion'), ('G', 'C', 'SNP')]",
ERR3242087,3635,C,G,2,2.0,"['SNP', 'SNP']",multiple_SNPs,"[('G', 'C', 'SNP'), ('G', 'T', 'SNP')]",
ERR3242087,7719,T,C,2,2.0,"['SNP', 'SNP']",multiple_SNPs,"[('C', 'G', 'SNP'), ('C', 'T', 'SNP')]",
ERR3239347,10882,C,G,2,2.0,"['insertion', 'SNP']",insertion_plus_SNP,"[('G', 'GGC', 'insertion'), ('G', 'C', 'SNP')]",
ERR3242093,10882,C,G,2,2.0,"['insertion', 'SNP']",insertion_plus_SNP,"[('G', 'GGC', 'insertion'), ('G', 'C', 'SNP')]",
ERR3239409,10882,C,G,2,2.0,"['insertion', 'SNP']",insertion_plus_SNP,"[('G', 'GGC', 'insertion'), ('G', 'C', 'SNP')]",
ERR3242124,10882,C,G,2,2.0,"['insertion', 'SNP']",insertion_plus_SNP,"[('G', 'GGC', 'insertion'), ('G', 'C', 'SNP')]",
ERR3242118,10882,C,G,2,2.0,"['insertion', 'SNP']",insertion_plus_SNP,"[('G', 'GGC', 'insertion'), ('G', 'C', 'SNP')]",
ERR3988982,10882,C,G,2,2.0,"['insertion', 'SNP']",insertion_plus_SNP,"[('G', 'GGC', 'insertion'), ('G', 'C', 'SNP')]",
ERR3239555,10882,C,G,2,2.0,"['insertion', 'SNP']",insertion_plus_SNP,"[('G', 'GGC', 'insertion'), ('G', 'C', 'SNP')]",
ERR3988766,10882,C,G,2,2.0,"['insertion', 'SNP']",insertion_plus_SNP,"[('G', 'GGC', 'insertion'), ('G', 'C', 'SNP')]",
ERR3240243,10882,C,G,2,2.0,"['insertion', 'SNP']",insertion_plus_SNP,"[('G', 'GGC', 'insertion'), ('G', 'C', 'SNP')]",
ERR3243010,10882,C,G,2,2.0,"['insertion', 'SNP']",insertion_plus_SNP,"[('G', 'GGC', 'insertion'), ('G', 'C', 'SNP')]",
ERR3239743,673,C,G,2,2.0,"['SNP', 'SNP']",multiple_SNPs,"[('G', 'C', 'SNP'), ('G', 'T', 'SNP')]",
ERR3989108,10882,C,G,2,2.0,"['insertion', 'SNP']",insertion_plus_SNP,"[('G', 'GGC', 'insertion'), ('G', 'C', 'SNP')]",
ERR3989109,10882,C,G,2,2.0,"['insertion', 'SNP']",insertion_plus_SNP,"[('G', 'GGC', 'insertion'), ('G', 'C', 'SNP')]",
ERR3239756,10882,C,G,2,2.0,"['insertion', 'SNP']",insertion_plus_SNP,"[('G', 'GGC', 'insertion'), ('G', 'C', 'SNP')]",
ERR3242482,10882,C,G,2,2.0,"['insertion', 'SNP']",insertion_plus_SNP,"[('G', 'GGC', 'insertion'), ('G', 'C', 'SNP')]",
ERR3242482,12047,G,C,2,2.0,"['insertion', 'SNP']",insertion_plus_SNP,"[('C', 'CGCG', 'insertion'), ('C', 'G', 'SNP')]",
ERR3239971,673,C,G,2,2.0,"['SNP', 'SNP']",multiple_SNPs,"[('G', 'C', 'SNP'), ('G', 'T', 'SNP')]",
ERR3242469,673,C,G,2,2.0,"['SNP', 'SNP']",multiple_SNPs,"[('G', 'C', 'SNP'), ('G', 'T', 'SNP')]",
ERR3239795,7719,T,C,2,2.0,"['SNP', 'SNP']",multiple_SNPs,"[('C', 'G', 'SNP'), ('C', 'T', 'SNP')]",
ERR3242333,7994,G,A,2,2.0,"['SNP', 'SNP']",multiple_SNPs,"[('A', 'C', 'SNP'), ('A', 'G', 'SNP')]",
ERR3242864,7719,T,C,2,2.0,"['SNP', 'SNP']",multiple_SNPs,"[('C', 'G', 'SNP'), ('C', 'T', 'SNP')]",
ERR3242643,10882,C,G,2,2.0,"['insertion', 'SNP']",insertion_plus_SNP,"[('G', 'GGC', 'insertion'), ('G', 'C', 'SNP')]",
ERR3988798,10882,C,G,2,2.0,"['insertion', 'SNP']",insertion_plus_SNP,"[('G', 'GGC', 'insertion'), ('G', 'C', 'SNP')]",
ERR3242125,10093,C,G,2,3.0,"['insertion', 'insertion', 'SNP']",insertion_plus_SNP,"[('C', 'CGG', 'insertion'), ('C', 'CGGCGG', 'insertion'), ('C', 'G', 'SNP')]",
ERR3242125,10882,C,G,2,2.0,"['insertion', 'SNP']",insertion_plus_SNP,"[('G', 'GGC', 'insertion'), ('G', 'C', 'SNP')]",
ERR3988954,7799,T,C,2,2.0,"['SNP', 'SNP']",multiple_SNPs,"[('C', 'A', 'SNP'), ('C', 'T', 'SNP')]",
ERR3242657,10882,C,G,2,2.0,"['insertion', 'SNP']",insertion_plus_SNP,"[('G', 'GGC', 'insertion'), ('G', 'C', 'SNP')]",
ERR3242910,7719,T,C,2,2.0,"['SNP', 'SNP']",multiple_SNPs,"[('C', 'G', 'SNP'), ('C', 'T', 'SNP')]",
ERR3242904,7719,T,C,2,2.0,"['SNP', 'SNP']",multiple_SNPs,"[('C', 'G', 'SNP'), ('C', 'T', 'SNP')]",
ERR3242092,10882,C,G,2,2.0,"['insertion', 'SNP']",insertion_plus_SNP,"[('G', 'GGC', 'insertion'), ('G', 'C', 'SNP')]",
ERR3239434,7994,G,A,2,2.0,"['SNP', 'SNP']",multiple_SNPs,"[('A', 'C', 'SNP'), ('A', 'G', 'SNP')]",
ERR3242737,10882,C,G,2,2.0,"['insertion', 'SNP']",insertion_plus_SNP,"[('G', 'GGC', 'insertion'), ('G', 'C', 'SNP')]",
ERR3988834,10882,C,G,2,2.0,"['insertion', 'SNP']",insertion_plus_SNP,"[('G', 'GGC', 'insertion'), ('G', 'C', 'SNP')]",
ERR3240120,2392,C,G,2,2.0,"['insertion', 'SNP']",insertion_plus_SNP,"[('G', 'GCC', 'insertion'), ('G', 'C', 'SNP')]",
ERR3240120,10093,C,G,2,3.0,"['insertion', 'insertion', 'SNP']",insertion_plus_SNP,"[('C', 'CGG', 'insertion'), ('C', 'CGGCGG', 'insertion'), ('C', 'G', 'SNP')]",
ERR3989069,10882,C,G,2,2.0,"['insertion', 'SNP']",insertion_plus_SNP,"[('G', 'GGC', 'insertion'), ('G', 'C', 'SNP')]",
ERR3239622,10882,C,G,2,2.0,"['insertion', 'SNP']",insertion_plus_SNP,"[('G', 'GGC', 'insertion'), ('G', 'C', 'SNP')]",
ERR3239636,7994,G,A,2,2.0,"['SNP', 'SNP']",multiple_SNPs,"[('A', 'C', 'SNP'), ('A', 'G', 'SNP')]",
ERR3989096,10882,C,G,2,2.0,"['insertion', 'SNP']",insertion_plus_SNP,"[('G', 'GGC', 'insertion'), ('G', 'C', 'SNP')]",
ERR3242521,7719,T,C,2,2.0,"['SNP', 'SNP']",multiple_SNPs,"[('C', 'G', 'SNP'), ('C', 'T', 'SNP')]",
ERR3989082,10882,C,G,2,2.0,"['insertion', 'SNP']",insertion_plus_SNP,"[('G', 'GGC', 'insertion'), ('G', 'C', 'SNP')]",
ERR3241743,10882,C,G,2,2.0,"['insertion', 'SNP']",insertion_plus_SNP,"[('G', 'GGC', 'insertion'), ('G', 'C', 'SNP')]",
ERR3243154,10093,C,G,2,3.0,"['insertion', 'insertion', 'SNP']",insertion_plus_SNP,"[('C', 'CGG', 'insertion'), ('C', 'CGGCGG', 'insertion'), ('C', 'G', 'SNP')]",
ERR3243154,10882,C,G,2,2.0,"['insertion', 'SNP']",insertion_plus_SNP,"[('G', 'GGC', 'insertion'), ('G', 'C', 'SNP')]",
ERR3989064,7719,T,C,2,2.0,"['SNP', 'SNP']",multiple_SNPs,"[('C', 'G', 'SNP'), ('C', 'T', 'SNP')]",
ERR3240139,10882,C,G,2,2.0,"['insertion', 'SNP']",insertion_plus_SNP,"[('G', 'GGC', 'insertion'), ('G', 'C', 'SNP')]",
ERR3242074,10882,C,G,2,2.0,"['insertion', 'SNP']",insertion_plus_SNP,"[('G', 'GGC', 'insertion'), ('G', 'C', 'SNP')]",
ERR3988811,3090,C,G,2,2.0,"['SNP', 'SNP']",multiple_SNPs,"[('G', 'C', 'SNP'), ('G', 'T', 'SNP')]",
ERR3239439,7994,G,A,2,2.0,"['SNP', 'SNP']",multiple_SNPs,"[('A', 'C', 'SNP'), ('A', 'G', 'SNP')]",
ERR3239377,7719,T,C,2,2.0,"['SNP', 'SNP']",multiple_SNPs,"[('C', 'G', 'SNP'), ('C', 'T', 'SNP')]",
ERR3988795,7994,G,A,2,2.0,"['SNP', 'SNP']",multiple_SNPs,"[('A', 'C', 'SNP'), ('A', 'G', 'SNP')]",
ERR3242128,10882,C,G,2,2.0,"['insertion', 'SNP']",insertion_plus_SNP,"[('G', 'GGC', 'insertion'), ('G', 'C', 'SNP')]",
ERR3242882,10882,C,G,2,2.0,"['insertion', 'SNP']",insertion_plus_SNP,"[('G', 'GGC', 'insertion'), ('G', 'C', 'SNP')]",
ERR3988971,10882,C,G,2,2.0,"['insertion', 'SNP']",insertion_plus_SNP,"[('G', 'GGC', 'insertion'), ('G', 'C', 'SNP')]",
ERR3242672,10882,C,G,2,2.0,"['insertion', 'SNP']",insertion_plus_SNP,"[('G', 'GGC', 'insertion'), ('G', 'C', 'SNP')]",
ERR3239559,10882,C,G,2,2.0,"['insertion', 'SNP']",insertion_plus_SNP,"[('G', 'GGC', 'insertion'), ('G', 'C', 'SNP')]",
ERR3239565,3006,C,T,2,2.0,"['SNP', 'SNP']",multiple_SNPs,"[('T', 'C', 'SNP'), ('T', 'G', 'SNP')]",
ERR3242458,10882,C,G,2,2.0,"['insertion', 'SNP']",insertion_plus_SNP,"[('G', 'GGC', 'insertion'), ('G', 'C', 'SNP')]",
ERR3243020,7719,T,C,2,2.0,"['SNP', 'SNP']",multiple_SNPs,"[('C', 'G', 'SNP'), ('C', 'T', 'SNP')]",
ERR3243020,10882,C,G,2,2.0,"['insertion', 'SNP']",insertion_plus_SNP,"[('G', 'GGC', 'insertion'), ('G', 'C', 'SNP')]",
ERR3989110,10882,C,G,2,2.0,"['insertion', 'SNP']",insertion_plus_SNP,"[('G', 'GGC', 'insertion'), ('G', 'C', 'SNP')]",
ERR3989105,10882,C,G,2,2.0,"['insertion', 'SNP']",insertion_plus_SNP,"[('G', 'GGC', 'insertion'), ('G', 'C', 'SNP')]",
ERR3239766,673,C,G,2,2.0,"['SNP', 'SNP']",multiple_SNPs,"[('G', 'C', 'SNP'), ('G', 'T', 'SNP')]",
ERR3239982,10882,C,G,2,2.0,"['insertion', 'SNP']",insertion_plus_SNP,"[('G', 'GGC', 'insertion'), ('G', 'C', 'SNP')]",
ERR3242303,7994,G,A,2,2.0,"['SNP', 'SNP']",multiple_SNPs,"[('A', 'C', 'SNP'), ('A', 'G', 'SNP')]",
ERR3243021,7719,T,C,2,2.0,"['SNP', 'SNP']",multiple_SNPs,"[('C', 'G', 'SNP'), ('C', 'T', 'SNP')]",
ERR3243021,10882,C,G,2,2.0,"['insertion', 'SNP']",insertion_plus_SNP,"[('G', 'GGC', 'insertion'), ('G', 'C', 'SNP')]",
ERR3239570,3090,C,G,2,2.0,"['insertion', 'SNP']",insertion_plus_SNP,"[('G', 'GGCGCCC', 'insertion'), ('G', 'C', 'SNP')]",
ERR3242868,10882,C,G,2,2.0,"['insertion', 'SNP']",insertion_plus_SNP,"[('G', 'GGC', 'insertion'), ('G', 'C', 'SNP')]",
ERR3242840,10882,C,G,2,2.0,"['insertion', 'SNP']",insertion_plus_SNP,"[('G', 'GGC', 'insertion'), ('G', 'C', 'SNP')]",
ERR3988970,10882,C,G,2,2.0,"['insertion', 'SNP']",insertion_plus_SNP,"[('G', 'GGC', 'insertion'), ('G', 'C', 'SNP')]",
ERR3988958,10882,C,G,2,2.0,"['insertion', 'SNP']",insertion_plus_SNP,"[('G', 'GGC', 'insertion'), ('G', 'C', 'SNP')]",
ERR3239362,10882,C,G,2,2.0,"['insertion', 'SNP']",insertion_plus_SNP,"[('G', 'GGC', 'insertion'), ('G', 'C', 'SNP')]",
ERR3242075,10882,C,G,2,2.0,"['insertion', 'SNP']",insertion_plus_SNP,"[('G', 'GGC', 'insertion'), ('G', 'C', 'SNP')]",
ERR3240104,7719,T,C,2,2.0,"['SNP', 'SNP']",multiple_SNPs,"[('C', 'G', 'SNP'), ('C', 'T', 'SNP')]",
ERR3241965,10882,C,G,2,2.0,"['insertion', 'SNP']",insertion_plus_SNP,"[('G', 'GGC', 'insertion'), ('G', 'C', 'SNP')]",
ERR3989071,10882,C,G,2,2.0,"['insertion', 'SNP']",insertion_plus_SNP,"[('G', 'GGC', 'insertion'), ('G', 'C', 'SNP')]",
ERR3989065,10882,C,G,2,2.0,"['insertion', 'SNP']",insertion_plus_SNP,"[('G', 'GGC', 'insertion'), ('G', 'C', 'SNP')]",
ERR3241971,10093,C,G,2,3.0,"['insertion', 'insertion', 'SNP']",insertion_plus_SNP,"[('C', 'CGGCGG', 'insertion'), ('C', 'CGG', 'insertion'), ('C', 'G', 'SNP')]",
ERR3989059,10882,C,G,2,2.0,"['insertion', 'SNP']",insertion_plus_SNP,"[('G', 'GGC', 'insertion'), ('G', 'C', 'SNP')]",
ERR3243141,10882,C,G,2,2.0,"['insertion', 'SNP']",insertion_plus_SNP,"[('G', 'GGC', 'insertion'), ('G', 'C', 'SNP')]",
ERR3239823,7719,T,C,2,2.0,"['SNP', 'SNP']",multiple_SNPs,"[('C', 'G', 'SNP'), ('C', 'T', 'SNP')]",
ERR3243143,10093,C,G,2,3.0,"['insertion', 'insertion', 'SNP']",insertion_plus_SNP,"[('C', 'CGG', 'insertion'), ('C', 'CGGCGG', 'insertion'), ('C', 'G', 'SNP')]",
ERR3989098,7994,G,A,2,2.0,"['SNP', 'SNP']",multiple_SNPs,"[('A', 'C', 'SNP'), ('A', 'G', 'SNP')]",
ERR3989073,10882,C,G,2,2.0,"['insertion', 'SNP']",insertion_plus_SNP,"[('G', 'GGC', 'insertion'), ('G', 'C', 'SNP')]",
ERR3241967,7719,T,C,2,2.0,"['SNP', 'SNP']",multiple_SNPs,"[('C', 'G', 'SNP'), ('C', 'T', 'SNP')]",
ERR3241967,10882,C,G,2,2.0,"['insertion', 'SNP']",insertion_plus_SNP,"[('G', 'GGC', 'insertion'), ('G', 'C', 'SNP')]",
ERR3989067,10882,C,G,2,2.0,"['insertion', 'SNP']",insertion_plus_SNP,"[('G', 'GGC', 'insertion'), ('G', 'C', 'SNP')]",
ERR3242063,10882,C,G,2,2.0,"['insertion', 'SNP']",insertion_plus_SNP,"[('G', 'GGC', 'insertion'), ('G', 'C', 'SNP')]",
ERR3242936,7719,T,C,2,2.0,"['SNP', 'SNP']",multiple_SNPs,"[('C', 'G', 'SNP'), ('C', 'T', 'SNP')]",
ERR3242088,10882,C,G,2,2.0,"['insertion', 'SNP']",insertion_plus_SNP,"[('G', 'GGC', 'insertion'), ('G', 'C', 'SNP')]",
ERR3242881,10882,C,G,2,2.0,"['insertion', 'SNP']",insertion_plus_SNP,"[('G', 'GGC', 'insertion'), ('G', 'C', 'SNP')]",
ERR3242665,7719,T,C,2,2.0,"['SNP', 'SNP']",multiple_SNPs,"[('C', 'G', 'SNP'), ('C', 'T', 'SNP')]",
ERR3242117,10882,C,G,2,2.0,"['insertion', 'SNP']",insertion_plus_SNP,"[('G', 'GGC', 'insertion'), ('G', 'C', 'SNP')]",
ERR3988972,10882,C,G,2,2.0,"['insertion', 'SNP']",insertion_plus_SNP,"[('G', 'GGC', 'insertion'), ('G', 'C', 'SNP')]",
ERR3242671,7719,T,C,2,2.0,"['SNP', 'SNP']",multiple_SNPs,"[('C', 'G', 'SNP'), ('C', 'T', 'SNP')]",
ERR3989311,7994,G,A,2,2.0,"['insertion', 'SNP']",insertion_plus_SNP,"[('A', 'AG', 'insertion'), ('A', 'G', 'SNP')]",
ERR3242329,7994,G,A,2,2.0,"['SNP', 'SNP']",multiple_SNPs,"[('A', 'C', 'SNP'), ('A', 'G', 'SNP')]",
ERR3241807,7719,T,C,2,2.0,"['SNP', 'SNP']",multiple_SNPs,"[('C', 'G', 'SNP'), ('C', 'T', 'SNP')]",
ERR3989106,7994,G,A,2,2.0,"['SNP', 'SNP']",multiple_SNPs,"[('A', 'C', 'SNP'), ('A', 'G', 'SNP')]",
ERR3242466,10882,C,G,2,2.0,"['insertion', 'SNP']",insertion_plus_SNP,"[('G', 'GGC', 'insertion'), ('G', 'C', 'SNP')]",
ERR3240271,7719,T,C,2,2.0,"['SNP', 'SNP']",multiple_SNPs,"[('C', 'G', 'SNP'), ('C', 'T', 'SNP')]",
ERR3243036,10882,C,G,2,2.0,"['insertion', 'SNP']",insertion_plus_SNP,"[('G', 'GGC', 'insertion'), ('G', 'C', 'SNP')]",
ERR3243022,7719,T,C,2,2.0,"['SNP', 'SNP']",multiple_SNPs,"[('C', 'G', 'SNP'), ('C', 'T', 'SNP')]",
ERR3239567,7719,T,C,2,2.0,"['SNP', 'SNP']",multiple_SNPs,"[('C', 'G', 'SNP'), ('C', 'T', 'SNP')]",
ERR3242116,10093,C,G,2,3.0,"['insertion', 'insertion', 'SNP']",insertion_plus_SNP,"[('C', 'CGG', 'insertion'), ('C', 'CGGCGG', 'insertion'), ('C', 'G', 'SNP')]",
ERR3242116,10882,C,G,2,2.0,"['insertion', 'SNP']",insertion_plus_SNP,"[('G', 'GGC', 'insertion'), ('G', 'C', 'SNP')]",
ERR3988973,10882,C,G,2,2.0,"['insertion', 'SNP']",insertion_plus_SNP,"[('G', 'GGC', 'insertion'), ('G', 'C', 'SNP')]",
ERR3242894,10882,C,G,2,2.0,"['insertion', 'SNP']",insertion_plus_SNP,"[('G', 'GGC', 'insertion'), ('G', 'C', 'SNP')]",
ERR3239413,10882,C,G,2,2.0,"['insertion', 'SNP']",insertion_plus_SNP,"[('G', 'GGC', 'insertion'), ('G', 'C', 'SNP')]",
ERR3242923,3002,G,T,2,2.0,"['SNP', 'SNP']",multiple_SNPs,"[('T', 'C', 'SNP'), ('T', 'G', 'SNP')]",
ERR3242089,10882,C,G,2,2.0,"['insertion', 'SNP']",insertion_plus_SNP,"[('G', 'GGC', 'insertion'), ('G', 'C', 'SNP')]",
ERR3242704,10882,C,G,2,2.0,"['insertion', 'SNP']",insertion_plus_SNP,"[('G', 'GGC', 'insertion'), ('G', 'C', 'SNP')]",
ERR3988807,10882,C,G,2,2.0,"['insertion', 'SNP']",insertion_plus_SNP,"[('G', 'GGC', 'insertion'), ('G', 'C', 'SNP')]",
ERR3989066,10882,C,G,2,2.0,"['insertion', 'SNP']",insertion_plus_SNP,"[('G', 'GGC', 'insertion'), ('G', 'C', 'SNP')]",
ERR3241966,10882,C,G,2,2.0,"['insertion', 'SNP']",insertion_plus_SNP,"[('G', 'GGC', 'insertion'), ('G', 'C', 'SNP')]",
ERR3239639,7994,G,A,2,2.0,"['SNP', 'SNP']",multiple_SNPs,"[('A', 'C', 'SNP'), ('A', 'G', 'SNP')]",
ERR3242512,7719,T,C,2,2.0,"['SNP', 'SNP']",multiple_SNPs,"[('C', 'G', 'SNP'), ('C', 'T', 'SNP')]",
ERR3243142,10882,C,G,2,2.0,"['insertion', 'SNP']",insertion_plus_SNP,"[('G', 'GGC', 'insertion'), ('G', 'C', 'SNP')]",
ERR3243156,626,G,T,2,2.0,"['SNP', 'SNP']",multiple_SNPs,"[('T', 'A', 'SNP'), ('T', 'G', 'SNP')]",
ERR3239822,10882,C,G,2,2.0,"['insertion', 'SNP']",insertion_plus_SNP,"[('G', 'GGC', 'insertion'), ('G', 'C', 'SNP')]",
ERR3989089,10882,C,G,2,2.0,"['insertion', 'SNP']",insertion_plus_SNP,"[('G', 'GGC', 'insertion'), ('G', 'C', 'SNP')]",
ERR3239826,10882,C,G,2,2.0,"['insertion', 'SNP']",insertion_plus_SNP,"[('G', 'GGC', 'insertion'), ('G', 'C', 'SNP')]",
ERR3241745,7719,T,C,2,2.0,"['SNP', 'SNP']",multiple_SNPs,"[('C', 'G', 'SNP'), ('C', 'T', 'SNP')]",
ERR3243146,7719,T,C,2,2.0,"['SNP', 'SNP']",multiple_SNPs,"[('C', 'G', 'SNP'), ('C', 'T', 'SNP')]",
ERR3243146,10882,C,G,2,2.0,"['insertion', 'SNP']",insertion_plus_SNP,"[('G', 'GGC', 'insertion'), ('G', 'C', 'SNP')]",
ERR3989076,10882,C,G,2,2.0,"['insertion', 'SNP']",insertion_plus_SNP,"[('G', 'GGC', 'insertion'), ('G', 'C', 'SNP')]",
ERR3989062,10882,C,G,2,2.0,"['insertion', 'SNP']",insertion_plus_SNP,"[('G', 'GGC', 'insertion'), ('G', 'C', 'SNP')]",
ERR3241792,7719,T,C,2,2.0,"['SNP', 'SNP']",multiple_SNPs,"[('C', 'G', 'SNP'), ('C', 'T', 'SNP')]",
ERR3242072,10882,C,G,2,2.0,"['insertion', 'SNP']",insertion_plus_SNP,"[('G', 'GGC', 'insertion'), ('G', 'C', 'SNP')]",
ERR3242714,10882,C,G,2,2.0,"['insertion', 'SNP']",insertion_plus_SNP,"[('G', 'GGC', 'insertion'), ('G', 'C', 'SNP')]",
ERR3242066,10882,C,G,2,2.0,"['insertion', 'SNP']",insertion_plus_SNP,"[('G', 'GGC', 'insertion'), ('G', 'C', 'SNP')]",
ERR3239403,674,G,C,2,2.0,"['SNP', 'SNP']",multiple_SNPs,"[('C', 'A', 'SNP'), ('C', 'G', 'SNP')]",
ERR3239417,10882,C,G,2,2.0,"['insertion', 'SNP']",insertion_plus_SNP,"[('G', 'GGC', 'insertion'), ('G', 'C', 'SNP')]",
ERR3242099,10882,C,G,2,2.0,"['insertion', 'SNP']",insertion_plus_SNP,"[('G', 'GGC', 'insertion'), ('G', 'C', 'SNP')]",
ERR3988977,10882,C,G,2,2.0,"['insertion', 'SNP']",insertion_plus_SNP,"[('G', 'GGC', 'insertion'), ('G', 'C', 'SNP')]",
ERR3242853,7719,T,C,2,2.0,"['SNP', 'SNP']",multiple_SNPs,"[('C', 'G', 'SNP'), ('C', 'T', 'SNP')]",
ERR3242304,7994,G,A,2,2.0,"['SNP', 'SNP']",multiple_SNPs,"[('A', 'C', 'SNP'), ('A', 'G', 'SNP')]",
ERR3239952,7719,T,C,2,2.0,"['SNP', 'SNP']",multiple_SNPs,"[('C', 'G', 'SNP'), ('C', 'T', 'SNP')]",
ERR3239952,10882,C,G,2,2.0,"['insertion', 'SNP']",insertion_plus_SNP,"[('G', 'GGC', 'insertion'), ('G', 'C', 'SNP')]",
ERR3239952,12047,G,C,2,2.0,"['insertion', 'SNP']",insertion_plus_SNP,"[('C', 'CGCG', 'insertion'), ('C', 'G', 'SNP')]",
ERR3243026,10093,C,G,2,3.0,"['insertion', 'insertion', 'SNP']",insertion_plus_SNP,"[('C', 'CGG', 'insertion'), ('C', 'CGGCGG', 'insertion'), ('C', 'G', 'SNP')]",
ERR3989102,673,C,G,2,2.0,"['SNP', 'SNP']",multiple_SNPs,"[('G', 'C', 'SNP'), ('G', 'T', 'SNP')]",
ERR3989102,10882,C,G,2,2.0,"['insertion', 'SNP']",insertion_plus_SNP,"[('G', 'GGC', 'insertion'), ('G', 'C', 'SNP')]",
ERR3239984,7994,G,A,2,2.0,"['SNP', 'SNP']",multiple_SNPs,"[('A', 'C', 'SNP'), ('A', 'G', 'SNP')]",
ERR3239984,10882,C,G,2,2.0,"['insertion', 'SNP']",insertion_plus_SNP,"[('G', 'GGC', 'insertion'), ('G', 'C', 'SNP')]",
ERR3989103,10882,C,G,2,2.0,"['insertion', 'SNP']",insertion_plus_SNP,"[('G', 'GGC', 'insertion'), ('G', 'C', 'SNP')]",
ERR3242339,7994,G,A,2,2.0,"['SNP', 'SNP']",multiple_SNPs,"[('A', 'C', 'SNP'), ('A', 'G', 'SNP')]",
ERR3242463,7994,G,A,2,2.0,"['SNP', 'SNP']",multiple_SNPs,"[('A', 'C', 'SNP'), ('A', 'G', 'SNP')]",
ERR3240089,7719,T,C,2,2.0,"['SNP', 'SNP']",multiple_SNPs,"[('C', 'G', 'SNP'), ('C', 'T', 'SNP')]",
ERR3242113,10093,C,G,2,3.0,"['insertion', 'insertion', 'SNP']",insertion_plus_SNP,"[('C', 'CGG', 'insertion'), ('C', 'CGGCGG', 'insertion'), ('C', 'G', 'SNP')]",
ERR3242113,10882,C,G,2,2.0,"['insertion', 'SNP']",insertion_plus_SNP,"[('G', 'GGC', 'insertion'), ('G', 'C', 'SNP')]",
ERR3242661,10882,C,G,2,2.0,"['insertion', 'SNP']",insertion_plus_SNP,"[('G', 'GGC', 'insertion'), ('G', 'C', 'SNP')]",
ERR3239364,7719,T,C,2,2.0,"['SNP', 'SNP']",multiple_SNPs,"[('C', 'G', 'SNP'), ('C', 'T', 'SNP')]",
ERR3239364,10093,C,G,2,3.0,"['insertion', 'insertion', 'SNP']",insertion_plus_SNP,"[('C', 'CGG', 'insertion'), ('C', 'CGGCGG', 'insertion'), ('C', 'G', 'SNP')]",
ERR3242073,10882,C,G,2,2.0,"['insertion', 'SNP']",insertion_plus_SNP,"[('G', 'GGC', 'insertion'), ('G', 'C', 'SNP')]",
ERR3240102,7719,T,C,2,2.0,"['SNP', 'SNP']",multiple_SNPs,"[('C', 'G', 'SNP'), ('C', 'T', 'SNP')]",
ERR3989077,7994,G,A,2,2.0,"['SNP', 'SNP']",multiple_SNPs,"[('A', 'C', 'SNP'), ('A', 'G', 'SNP')]",
ERR3989077,10882,C,G,2,2.0,"['insertion', 'SNP']",insertion_plus_SNP,"[('G', 'GGC', 'insertion'), ('G', 'C', 'SNP')]",
ERR3239833,10882,C,G,2,2.0,"['insertion', 'SNP']",insertion_plus_SNP,"[('G', 'GGC', 'insertion'), ('G', 'C', 'SNP')]",
ERR3243147,10882,C,G,2,2.0,"['insertion', 'SNP']",insertion_plus_SNP,"[('G', 'GGC', 'insertion'), ('G', 'C', 'SNP')]",
ERR3239827,10882,C,G,2,2.0,"['insertion', 'SNP']",insertion_plus_SNP,"[('G', 'GGC', 'insertion'), ('G', 'C', 'SNP')]",
ERR3241744,7719,T,C,2,2.0,"['SNP', 'SNP']",multiple_SNPs,"[('C', 'G', 'SNP'), ('C', 'T', 'SNP')]",
ERR3241778,12047,G,C,2,2.0,"['insertion', 'SNP']",insertion_plus_SNP,"[('C', 'CGCG', 'insertion'), ('C', 'G', 'SNP')]",
ERR3242501,10882,C,G,2,2.0,"['insertion', 'SNP']",insertion_plus_SNP,"[('G', 'GGC', 'insertion'), ('G', 'C', 'SNP')]",
ERR3239819,10882,C,G,2,2.0,"['insertion', 'SNP']",insertion_plus_SNP,"[('G', 'GGC', 'insertion'), ('G', 'C', 'SNP')]",
ERR3239831,10882,C,G,2,2.0,"['insertion', 'SNP']",insertion_plus_SNP,"[('G', 'GGC', 'insertion'), ('G', 'C', 'SNP')]",
ERR3989075,10882,C,G,2,2.0,"['insertion', 'SNP']",insertion_plus_SNP,"[('G', 'GGC', 'insertion'), ('G', 'C', 'SNP')]",
ERR3239602,10882,C,G,2,2.0,"['insertion', 'SNP']",insertion_plus_SNP,"[('G', 'GGC', 'insertion'), ('G', 'C', 'SNP')]",
ERR3241949,10882,C,G,2,2.0,"['insertion', 'SNP']",insertion_plus_SNP,"[('G', 'GGC', 'insertion'), ('G', 'C', 'SNP')]",
ERR3242065,7719,T,C,2,2.0,"['SNP', 'SNP']",multiple_SNPs,"[('C', 'G', 'SNP'), ('C', 'T', 'SNP')]",
ERR3988800,10882,C,G,2,2.0,"['insertion', 'SNP']",insertion_plus_SNP,"[('G', 'GGC', 'insertion'), ('G', 'C', 'SNP')]",
ERR3240114,7719,T,C,2,2.0,"['SNP', 'SNP']",multiple_SNPs,"[('C', 'G', 'SNP'), ('C', 'T', 'SNP')]",
ERR3242071,10882,C,G,2,2.0,"['insertion', 'SNP']",insertion_plus_SNP,"[('G', 'GGC', 'insertion'), ('G', 'C', 'SNP')]",
ERR3240128,7719,T,C,2,2.0,"['SNP', 'SNP']",multiple_SNPs,"[('C', 'G', 'SNP'), ('C', 'T', 'SNP')]",
ERR3239414,7719,T,C,2,2.0,"['SNP', 'SNP']",multiple_SNPs,"[('C', 'G', 'SNP'), ('C', 'T', 'SNP')]",
ERR3242111,10882,C,G,2,2.0,"['insertion', 'SNP']",insertion_plus_SNP,"[('G', 'GGC', 'insertion'), ('G', 'C', 'SNP')]",
ERR3988974,10882,C,G,2,2.0,"['insertion', 'SNP']",insertion_plus_SNP,"[('G', 'GGC', 'insertion'), ('G', 'C', 'SNP')]",
ERR3988960,10882,C,G,2,2.0,"['insertion', 'SNP']",insertion_plus_SNP,"[('G', 'GGC', 'insertion'), ('G', 'C', 'SNP')]",
ERR3239560,7719,T,C,2,2.0,"['SNP', 'SNP']",multiple_SNPs,"[('C', 'G', 'SNP'), ('C', 'T', 'SNP')]",
ERR3239560,10093,C,G,2,3.0,"['insertion', 'insertion', 'SNP']",insertion_plus_SNP,"[('C', 'CGG', 'insertion'), ('C', 'CGGCGG', 'insertion'), ('C', 'G', 'SNP')]",
ERR3242878,7719,T,C,2,2.0,"['SNP', 'SNP']",multiple_SNPs,"[('C', 'G', 'SNP'), ('C', 'T', 'SNP')]",
ERR3242688,10882,C,G,2,2.0,"['insertion', 'SNP']",insertion_plus_SNP,"[('G', 'GGC', 'insertion'), ('G', 'C', 'SNP')]",
ERR3239979,10882,C,G,2,2.0,"['insertion', 'SNP']",insertion_plus_SNP,"[('G', 'GGC', 'insertion'), ('G', 'C', 'SNP')]",
ERR3243019,7719,T,C,2,2.0,"['SNP', 'SNP']",multiple_SNPs,"[('C', 'G', 'SNP'), ('C', 'T', 'SNP')]",
ERR3243019,10882,C,G,2,2.0,"['insertion', 'SNP']",insertion_plus_SNP,"[('G', 'GGC', 'insertion'), ('G', 'C', 'SNP')]",
ERR3243031,10882,C,G,2,2.0,"['insertion', 'SNP']",insertion_plus_SNP,"[('G', 'GGC', 'insertion'), ('G', 'C', 'SNP')]",
ERR3239951,10882,C,G,2,2.0,"['insertion', 'SNP']",insertion_plus_SNP,"[('G', 'GGC', 'insertion'), ('G', 'C', 'SNP')]",
ERR3241815,7719,T,C,2,2.0,"['SNP', 'SNP']",multiple_SNPs,"[('C', 'G', 'SNP'), ('C', 'T', 'SNP')]",
ERR3239986,10882,C,G,2,2.0,"['insertion', 'SNP']",insertion_plus_SNP,"[('G', 'GGC', 'insertion'), ('G', 'C', 'SNP')]",
ERR3989100,10882,C,G,2,2.0,"['insertion', 'SNP']",insertion_plus_SNP,"[('G', 'GGC', 'insertion'), ('G', 'C', 'SNP')]",
ERR3243024,10882,C,G,2,2.0,"['insertion', 'SNP']",insertion_plus_SNP,"[('G', 'GGC', 'insertion'), ('G', 'C', 'SNP')]",
ERR3239788,10093,C,G,2,3.0,"['insertion', 'insertion', 'SNP']",insertion_plus_SNP,"[('C', 'CGG', 'insertion'), ('C', 'CGGCGG', 'insertion'), ('C', 'G', 'SNP')]",
ERR3239788,10882,C,G,2,2.0,"['insertion', 'SNP']",insertion_plus_SNP,"[('G', 'GGC', 'insertion'), ('G', 'C', 'SNP')]",
ERR3243018,10882,C,G,2,2.0,"['insertion', 'SNP']",insertion_plus_SNP,"[('G', 'GGC', 'insertion'), ('G', 'C', 'SNP')]",
ERR3242138,10882,C,G,2,2.0,"['insertion', 'SNP']",insertion_plus_SNP,"[('G', 'GGC', 'insertion'), ('G', 'C', 'SNP')]",
ERR3988949,10882,C,G,2,2.0,"['insertion', 'SNP']",insertion_plus_SNP,"[('G', 'GGC', 'insertion'), ('G', 'C', 'SNP')]",
ERR3242662,7719,T,C,2,2.0,"['SNP', 'SNP']",multiple_SNPs,"[('C', 'G', 'SNP'), ('C', 'T', 'SNP')]",
ERR3242110,10882,C,G,2,2.0,"['insertion', 'SNP']",insertion_plus_SNP,"[('G', 'GGC', 'insertion'), ('G', 'C', 'SNP')]",
ERR3240061,10882,C,G,2,2.0,"['insertion', 'SNP']",insertion_plus_SNP,"[('G', 'GGC', 'insertion'), ('G', 'C', 'SNP')]",
ERR3242931,7719,T,C,2,2.0,"['SNP', 'SNP']",multiple_SNPs,"[('C', 'G', 'SNP'), ('C', 'T', 'SNP')]",
ERR3242925,7719,T,C,2,2.0,"['SNP', 'SNP']",multiple_SNPs,"[('C', 'G', 'SNP'), ('C', 'T', 'SNP')]",
ERR3239415,7719,T,C,2,2.0,"['SNP', 'SNP']",multiple_SNPs,"[('C', 'G', 'SNP'), ('C', 'T', 'SNP')]",
ERR3239373,10882,C,G,2,2.0,"['insertion', 'SNP']",insertion_plus_SNP,"[('G', 'GGC', 'insertion'), ('G', 'C', 'SNP')]",
ERR3240129,7719,T,C,2,2.0,"['SNP', 'SNP']",multiple_SNPs,"[('C', 'G', 'SNP'), ('C', 'T', 'SNP')]",
ERR3242070,10882,C,G,2,2.0,"['insertion', 'SNP']",insertion_plus_SNP,"[('G', 'GGC', 'insertion'), ('G', 'C', 'SNP')]",
ERR3989074,10882,C,G,2,2.0,"['insertion', 'SNP']",insertion_plus_SNP,"[('G', 'GGC', 'insertion'), ('G', 'C', 'SNP')]",
ERR3243150,10882,C,G,2,2.0,"['insertion', 'SNP']",insertion_plus_SNP,"[('G', 'GGC', 'insertion'), ('G', 'C', 'SNP')]",
ERR3239818,10882,C,G,2,2.0,"['insertion', 'SNP']",insertion_plus_SNP,"[('G', 'GGC', 'insertion'), ('G', 'C', 'SNP')]",
ERR3242272,7719,T,C,2,2.0,"['SNP', 'SNP']",multiple_SNPs,"[('C', 'G', 'SNP'), ('C', 'T', 'SNP')]",
ERR3243123,7719,T,C,2,2.0,"['SNP', 'SNP']",multiple_SNPs,"[('C', 'G', 'SNP'), ('C', 'T', 'SNP')]",
ERR3243123,10882,C,G,2,2.0,"['insertion', 'SNP']",insertion_plus_SNP,"[('G', 'GGC', 'insertion'), ('G', 'C', 'SNP')]",
ERR3243137,10882,C,G,2,2.0,"['insertion', 'SNP']",insertion_plus_SNP,"[('G', 'GGC', 'insertion'), ('G', 'C', 'SNP')]",
ERR3242765,7719,T,C,2,2.0,"['SNP', 'SNP']",multiple_SNPs,"[('C', 'G', 'SNP'), ('C', 'T', 'SNP')]",
ERR3242771,10882,C,G,2,2.0,"['insertion', 'SNP']",insertion_plus_SNP,"[('G', 'GGC', 'insertion'), ('G', 'C', 'SNP')]",
ERR3239466,7719,T,C,2,2.0,"['SNP', 'SNP']",multiple_SNPs,"[('C', 'G', 'SNP'), ('C', 'T', 'SNP')]",
ERR3242163,10882,C,G,2,2.0,"['insertion', 'SNP']",insertion_plus_SNP,"[('G', 'GGC', 'insertion'), ('G', 'C', 'SNP')]",
ERR3242188,7719,T,C,2,2.0,"['SNP', 'SNP']",multiple_SNPs,"[('C', 'G', 'SNP'), ('C', 'T', 'SNP')]",
ERR3242836,7719,T,C,2,2.0,"['SNP', 'SNP']",multiple_SNPs,"[('C', 'G', 'SNP'), ('C', 'T', 'SNP')]",
ERR3989359,7994,G,A,2,2.0,"['SNP', 'SNP']",multiple_SNPs,"[('A', 'C', 'SNP'), ('A', 'G', 'SNP')]",
ERR3242349,7719,T,C,2,2.0,"['SNP', 'SNP']",multiple_SNPs,"[('C', 'G', 'SNP'), ('C', 'T', 'SNP')]",
ERR3239738,10882,C,G,2,2.0,"['insertion', 'SNP']",insertion_plus_SNP,"[('G', 'GGC', 'insertion'), ('G', 'C', 'SNP')]",
ERR3243080,7719,T,C,2,2.0,"['SNP', 'SNP']",multiple_SNPs,"[('C', 'G', 'SNP'), ('C', 'T', 'SNP')]",
ERR3243080,10882,C,G,2,2.0,"['insertion', 'SNP']",insertion_plus_SNP,"[('G', 'GGC', 'insertion'), ('G', 'C', 'SNP')]",
ERR3989167,7994,G,A,2,2.0,"['SNP', 'SNP']",multiple_SNPs,"[('A', 'C', 'SNP'), ('A', 'G', 'SNP')]",
ERR3243081,10882,C,G,2,2.0,"['insertion', 'SNP']",insertion_plus_SNP,"[('G', 'GGC', 'insertion'), ('G', 'C', 'SNP')]",
ERR3243095,10882,C,G,2,2.0,"['insertion', 'SNP']",insertion_plus_SNP,"[('G', 'GGC', 'insertion'), ('G', 'C', 'SNP')]",
ERR3242406,10882,C,G,2,2.0,"['insertion', 'SNP']",insertion_plus_SNP,"[('G', 'GGC', 'insertion'), ('G', 'C', 'SNP')]",
ERR3242374,10093,C,G,2,3.0,"['insertion', 'insertion', 'SNP']",insertion_plus_SNP,"[('C', 'CGG', 'insertion'), ('C', 'CGGCGG', 'insertion'), ('C', 'G', 'SNP')]",
ERR3241899,7719,T,C,2,2.0,"['SNP', 'SNP']",multiple_SNPs,"[('C', 'G', 'SNP'), ('C', 'T', 'SNP')]",
ERR3239922,10882,C,G,2,2.0,"['insertion', 'SNP']",insertion_plus_SNP,"[('G', 'GGC', 'insertion'), ('G', 'C', 'SNP')]",
ERR3242604,7994,G,A,2,2.0,"['SNP', 'SNP']",multiple_SNPs,"[('A', 'C', 'SNP'), ('A', 'G', 'SNP')]",
ERR3242604,10882,C,G,2,2.0,"['insertion', 'SNP']",insertion_plus_SNP,"[('G', 'GGC', 'insertion'), ('G', 'C', 'SNP')]",
ERR3240013,3002,G,T,2,2.0,"['SNP', 'SNP']",multiple_SNPs,"[('T', 'C', 'SNP'), ('T', 'G', 'SNP')]",
ERR3242162,10882,C,G,2,2.0,"['insertion', 'SNP']",insertion_plus_SNP,"[('G', 'GGC', 'insertion'), ('G', 'C', 'SNP')]",
ERR3242162,12047,G,C,2,2.0,"['insertion', 'SNP']",insertion_plus_SNP,"[('C', 'CGCG', 'insertion'), ('C', 'G', 'SNP')]",
ERR3988898,10882,C,G,2,2.0,"['insertion', 'SNP']",insertion_plus_SNP,"[('G', 'GGC', 'insertion'), ('G', 'C', 'SNP')]",
ERR3242770,12047,G,C,2,2.0,"['insertion', 'SNP']",insertion_plus_SNP,"[('C', 'CGCG', 'insertion'), ('C', 'G', 'SNP')]",
ERR3242002,7719,T,C,2,2.0,"['SNP', 'SNP']",multiple_SNPs,"[('C', 'G', 'SNP'), ('C', 'T', 'SNP')]",
ERR3242758,12047,G,C,2,2.0,"['insertion', 'SNP']",insertion_plus_SNP,"[('C', 'CGCG', 'insertion'), ('C', 'G', 'SNP')]",
ERR3243136,10882,C,G,2,2.0,"['insertion', 'SNP']",insertion_plus_SNP,"[('G', 'GGC', 'insertion'), ('G', 'C', 'SNP')]",
ERR3243122,10882,C,G,2,2.0,"['insertion', 'SNP']",insertion_plus_SNP,"[('G', 'GGC', 'insertion'), ('G', 'C', 'SNP')]",
ERR3243134,7719,T,C,2,2.0,"['SNP', 'SNP']",multiple_SNPs,"[('C', 'G', 'SNP'), ('C', 'T', 'SNP')]",
ERR3243120,10882,C,G,2,2.0,"['insertion', 'SNP']",insertion_plus_SNP,"[('G', 'GGC', 'insertion'), ('G', 'C', 'SNP')]",
ERR3242570,7719,T,C,2,2.0,"['SNP', 'SNP']",multiple_SNPs,"[('C', 'G', 'SNP'), ('C', 'T', 'SNP')]",
ERR3243108,10882,C,G,2,2.0,"['insertion', 'SNP']",insertion_plus_SNP,"[('G', 'GGC', 'insertion'), ('G', 'C', 'SNP')]",
ERR3243108,12047,G,C,2,2.0,"['insertion', 'SNP']",insertion_plus_SNP,"[('C', 'CGCG', 'insertion'), ('C', 'G', 'SNP')]",
ERR3242202,10882,C,G,2,2.0,"['insertion', 'SNP']",insertion_plus_SNP,"[('G', 'GGC', 'insertion'), ('G', 'C', 'SNP')]",
ERR3242028,7719,T,C,2,2.0,"['SNP', 'SNP']",multiple_SNPs,"[('C', 'G', 'SNP'), ('C', 'T', 'SNP')]",
ERR3242014,10882,C,G,2,2.0,"['insertion', 'SNP']",insertion_plus_SNP,"[('G', 'GGC', 'insertion'), ('G', 'C', 'SNP')]",
ERR3240171,7719,T,C,2,2.0,"['SNP', 'SNP']",multiple_SNPs,"[('C', 'G', 'SNP'), ('C', 'T', 'SNP')]",
ERR3239303,10882,C,G,2,2.0,"['insertion', 'SNP']",insertion_plus_SNP,"[('G', 'GGC', 'insertion'), ('G', 'C', 'SNP')]",
ERR3242160,10882,C,G,2,2.0,"['insertion', 'SNP']",insertion_plus_SNP,"[('G', 'GGC', 'insertion'), ('G', 'C', 'SNP')]",
ERR3242438,10882,C,G,2,2.0,"['insertion', 'SNP']",insertion_plus_SNP,"[('G', 'GGC', 'insertion'), ('G', 'C', 'SNP')]",
ERR3239934,10882,C,G,2,2.0,"['insertion', 'SNP']",insertion_plus_SNP,"[('G', 'GGC', 'insertion'), ('G', 'C', 'SNP')]",
ERR3242362,7994,G,A,2,2.0,"['SNP', 'SNP']",multiple_SNPs,"[('A', 'C', 'SNP'), ('A', 'G', 'SNP')]",
ERR3242410,10882,C,G,2,2.0,"['insertion', 'SNP']",insertion_plus_SNP,"[('G', 'GGC', 'insertion'), ('G', 'C', 'SNP')]",
ERR3242410,12047,G,C,2,2.0,"['insertion', 'SNP']",insertion_plus_SNP,"[('C', 'CGCG', 'insertion'), ('C', 'G', 'SNP')]",
ERR3989158,7994,G,A,2,2.0,"['SNP', 'SNP']",multiple_SNPs,"[('A', 'C', 'SNP'), ('A', 'G', 'SNP')]",
ERR3243083,7719,T,C,2,2.0,"['SNP', 'SNP']",multiple_SNPs,"[('C', 'G', 'SNP'), ('C', 'T', 'SNP')]",
ERR3243097,7719,T,C,2,2.0,"['SNP', 'SNP']",multiple_SNPs,"[('C', 'G', 'SNP'), ('C', 'T', 'SNP')]",
ERR3243097,10882,C,G,2,2.0,"['insertion', 'SNP']",insertion_plus_SNP,"[('G', 'GGC', 'insertion'), ('G', 'C', 'SNP')]",
ERR3989165,7994,G,A,2,2.0,"['SNP', 'SNP']",multiple_SNPs,"[('A', 'C', 'SNP'), ('A', 'G', 'SNP')]",
ERR3241871,7994,G,A,2,2.0,"['SNP', 'SNP']",multiple_SNPs,"[('A', 'C', 'SNP'), ('A', 'G', 'SNP')]",
ERR3243096,7719,T,C,2,2.0,"['SNP', 'SNP']",multiple_SNPs,"[('C', 'G', 'SNP'), ('C', 'T', 'SNP')]",
ERR3243096,10882,C,G,2,2.0,"['insertion', 'SNP']",insertion_plus_SNP,"[('G', 'GGC', 'insertion'), ('G', 'C', 'SNP')]",
ERR3242411,7719,T,C,2,,,,,VCF file not found
ERR3242411,10882,C,G,2,,,,,VCF file not found
ERR3242405,10882,C,G,2,2.0,"['insertion', 'SNP']",insertion_plus_SNP,"[('G', 'GGC', 'insertion'), ('G', 'C', 'SNP')]",
ERR3239909,10882,C,G,2,2.0,"['insertion', 'SNP']",insertion_plus_SNP,"[('G', 'GGC', 'insertion'), ('G', 'C', 'SNP')]",
ERR3989367,7994,G,A,2,2.0,"['SNP', 'SNP']",multiple_SNPs,"[('A', 'C', 'SNP'), ('A', 'G', 'SNP')]",
ERR3239510,10882,C,G,2,2.0,"['insertion', 'SNP']",insertion_plus_SNP,"[('G', 'GGC', 'insertion'), ('G', 'C', 'SNP')]",
ERR3242149,10882,C,G,2,2.0,"['insertion', 'SNP']",insertion_plus_SNP,"[('G', 'GGC', 'insertion'), ('G', 'C', 'SNP')]",
ERR3989398,673,C,G,2,2.0,"['SNP', 'SNP']",multiple_SNPs,"[('G', 'C', 'SNP'), ('G', 'T', 'SNP')]",
ERR3242798,7719,T,C,2,2.0,"['SNP', 'SNP']",multiple_SNPs,"[('C', 'G', 'SNP'), ('C', 'T', 'SNP')]",
ERR3242954,10882,C,G,2,2.0,"['insertion', 'SNP']",insertion_plus_SNP,"[('G', 'GGC', 'insertion'), ('G', 'C', 'SNP')]",
ERR3988864,10882,C,G,2,2.0,"['insertion', 'SNP']",insertion_plus_SNP,"[('G', 'GGC', 'insertion'), ('G', 'C', 'SNP')]",
ERR3988870,10882,C,G,2,2.0,"['insertion', 'SNP']",insertion_plus_SNP,"[('G', 'GGC', 'insertion'), ('G', 'C', 'SNP')]",
ERR3988858,2392,C,G,2,2.0,"['insertion', 'SNP']",insertion_plus_SNP,"[('G', 'GC', 'insertion'), ('G', 'C', 'SNP')]",
ERR3989039,7994,G,A,2,2.0,"['SNP', 'SNP']",multiple_SNPs,"[('A', 'C', 'SNP'), ('A', 'G', 'SNP')]",
ERR3243109,10882,C,G,2,2.0,"['insertion', 'SNP']",insertion_plus_SNP,"[('G', 'GGC', 'insertion'), ('G', 'C', 'SNP')]",
ERR3243121,10882,C,G,2,2.0,"['insertion', 'SNP']",insertion_plus_SNP,"[('G', 'GGC', 'insertion'), ('G', 'C', 'SNP')]",
ERR3243119,10882,C,G,2,2.0,"['insertion', 'SNP']",insertion_plus_SNP,"[('G', 'GGC', 'insertion'), ('G', 'C', 'SNP')]",
ERR3243131,10882,C,G,2,2.0,"['insertion', 'SNP']",insertion_plus_SNP,"[('G', 'GGC', 'insertion'), ('G', 'C', 'SNP')]",
ERR3239845,10882,C,G,2,2.0,"['insertion', 'SNP']",insertion_plus_SNP,"[('G', 'GGC', 'insertion'), ('G', 'C', 'SNP')]",
ERR3239689,10882,C,G,2,2.0,"['insertion', 'SNP']",insertion_plus_SNP,"[('G', 'GGC', 'insertion'), ('G', 'C', 'SNP')]",
ERR3239851,10882,C,G,2,2.0,"['insertion', 'SNP']",insertion_plus_SNP,"[('G', 'GGC', 'insertion'), ('G', 'C', 'SNP')]",
ERR3989015,10882,C,G,2,2.0,"['insertion', 'SNP']",insertion_plus_SNP,"[('G', 'GGC', 'insertion'), ('G', 'C', 'SNP')]",
ERR3241901,7719,T,C,2,2.0,"['SNP', 'SNP']",multiple_SNPs,"[('C', 'G', 'SNP'), ('C', 'T', 'SNP')]",
ERR3240160,10882,C,G,2,2.0,"['insertion', 'SNP']",insertion_plus_SNP,"[('G', 'GGC', 'insertion'), ('G', 'C', 'SNP')]",
ERR3242011,10882,C,G,2,2.0,"['insertion', 'SNP']",insertion_plus_SNP,"[('G', 'GGC', 'insertion'), ('G', 'C', 'SNP')]",
ERR3242763,10093,C,G,2,3.0,"['insertion', 'insertion', 'SNP']",insertion_plus_SNP,"[('C', 'CGG', 'insertion'), ('C', 'CGGCGG', 'insertion'), ('C', 'G', 'SNP')]",
ERR3988860,10882,C,G,2,2.0,"['insertion', 'SNP']",insertion_plus_SNP,"[('G', 'GGC', 'insertion'), ('G', 'C', 'SNP')]",
ERR3988848,10882,C,G,2,2.0,"['insertion', 'SNP']",insertion_plus_SNP,"[('G', 'GGC', 'insertion'), ('G', 'C', 'SNP')]",
ERR3239460,10882,C,G,2,2.0,"['insertion', 'SNP']",insertion_plus_SNP,"[('G', 'GGC', 'insertion'), ('G', 'C', 'SNP')]",
ERR3242950,7994,G,A,2,2.0,"['SNP', 'SNP']",multiple_SNPs,"[('A', 'C', 'SNP'), ('A', 'G', 'SNP')]",
ERR3242603,673,C,G,2,2.0,"['SNP', 'SNP']",multiple_SNPs,"[('G', 'C', 'SNP'), ('G', 'T', 'SNP')]",
ERR3242165,7719,T,C,2,2.0,"['SNP', 'SNP']",multiple_SNPs,"[('C', 'G', 'SNP'), ('C', 'T', 'SNP')]",
ERR3242159,10882,C,G,2,2.0,"['insertion', 'SNP']",insertion_plus_SNP,"[('G', 'GGC', 'insertion'), ('G', 'C', 'SNP')]",
ERR3239514,10882,C,G,2,2.0,"['insertion', 'SNP']",insertion_plus_SNP,"[('G', 'GGC', 'insertion'), ('G', 'C', 'SNP')]",
ERR3989411,7994,G,A,2,2.0,"['SNP', 'SNP']",multiple_SNPs,"[('A', 'C', 'SNP'), ('A', 'G', 'SNP')]",
ERR3243079,10882,C,G,2,2.0,"['insertion', 'SNP']",insertion_plus_SNP,"[('G', 'GGC', 'insertion'), ('G', 'C', 'SNP')]",
ERR3242401,7719,T,C,2,2.0,"['SNP', 'SNP']",multiple_SNPs,"[('C', 'G', 'SNP'), ('C', 'T', 'SNP')]",
ERR3239925,7719,T,C,2,2.0,"['SNP', 'SNP']",multiple_SNPs,"[('C', 'G', 'SNP'), ('C', 'T', 'SNP')]",
ERR3239925,10882,C,G,2,2.0,"['insertion', 'SNP']",insertion_plus_SNP,"[('G', 'GGC', 'insertion'), ('G', 'C', 'SNP')]",
ERR3239925,12047,G,C,2,2.0,"['insertion', 'SNP']",insertion_plus_SNP,"[('C', 'CGCG', 'insertion'), ('C', 'G', 'SNP')]",
ERR3243086,10882,C,G,2,2.0,"['insertion', 'SNP']",insertion_plus_SNP,"[('G', 'GGC', 'insertion'), ('G', 'C', 'SNP')]",
ERR3243092,7719,T,C,2,2.0,"['SNP', 'SNP']",multiple_SNPs,"[('C', 'G', 'SNP'), ('C', 'T', 'SNP')]",
ERR3243092,10882,C,G,2,2.0,"['insertion', 'SNP']",insertion_plus_SNP,"[('G', 'GGC', 'insertion'), ('G', 'C', 'SNP')]",
ERR3989149,7994,G,A,2,2.0,"['SNP', 'SNP']",multiple_SNPs,"[('A', 'C', 'SNP'), ('A', 'G', 'SNP')]",
ERR3241848,12047,G,C,2,2.0,"['insertion', 'SNP']",insertion_plus_SNP,"[('C', 'CGCG', 'insertion'), ('C', 'G', 'SNP')]",
ERR3241874,7719,T,C,2,2.0,"['SNP', 'SNP']",multiple_SNPs,"[('C', 'G', 'SNP'), ('C', 'T', 'SNP')]",
ERR3242414,10882,C,G,2,2.0,"['insertion', 'SNP']",insertion_plus_SNP,"[('G', 'GGC', 'insertion'), ('G', 'C', 'SNP')]",
ERR3242372,7994,G,A,2,2.0,"['SNP', 'SNP']",multiple_SNPs,"[('A', 'C', 'SNP'), ('A', 'G', 'SNP')]",
ERR3242366,10882,C,G,2,2.0,"['insertion', 'SNP']",insertion_plus_SNP,"[('G', 'GGC', 'insertion'), ('G', 'C', 'SNP')]",
ERR3242366,12047,G,C,2,2.0,"['insertion', 'SNP']",insertion_plus_SNP,"[('C', 'CGCG', 'insertion'), ('C', 'G', 'SNP')]",
ERR3989376,7994,G,A,2,2.0,"['SNP', 'SNP']",multiple_SNPs,"[('A', 'C', 'SNP'), ('A', 'G', 'SNP')]",
ERR3989389,7994,G,A,2,2.0,"['SNP', 'SNP']",multiple_SNPs,"[('A', 'C', 'SNP'), ('A', 'G', 'SNP')]",
ERR3239298,10882,C,G,2,2.0,"['insertion', 'SNP']",insertion_plus_SNP,"[('G', 'GGC', 'insertion'), ('G', 'C', 'SNP')]",
ERR3242158,10882,C,G,2,2.0,"['insertion', 'SNP']",insertion_plus_SNP,"[('G', 'GGC', 'insertion'), ('G', 'C', 'SNP')]",
ERR3242602,10882,C,G,2,2.0,"['insertion', 'SNP']",insertion_plus_SNP,"[('G', 'GGC', 'insertion'), ('G', 'C', 'SNP')]",
ERR3242789,7719,T,C,2,2.0,"['SNP', 'SNP']",multiple_SNPs,"[('C', 'G', 'SNP'), ('C', 'T', 'SNP')]",
ERR3239307,10882,C,G,2,2.0,"['insertion', 'SNP']",insertion_plus_SNP,"[('G', 'GGC', 'insertion'), ('G', 'C', 'SNP')]",
ERR3242038,7719,T,C,2,2.0,"['SNP', 'SNP']",multiple_SNPs,"[('C', 'G', 'SNP'), ('C', 'T', 'SNP')]",
ERR3988861,10882,C,G,2,2.0,"['insertion', 'SNP']",insertion_plus_SNP,"[('G', 'GGC', 'insertion'), ('G', 'C', 'SNP')]",
ERR3243124,7719,T,C,2,2.0,"['SNP', 'SNP']",multiple_SNPs,"[('C', 'G', 'SNP'), ('C', 'T', 'SNP')]",
ERR3241733,3090,C,G,2,2.0,"['SNP', 'SNP']",multiple_SNPs,"[('G', 'C', 'SNP'), ('G', 'T', 'SNP')]",
ERR3243130,7719,T,C,2,2.0,"['SNP', 'SNP']",multiple_SNPs,"[('C', 'G', 'SNP'), ('C', 'T', 'SNP')]",
ERR3243130,10882,C,G,2,2.0,"['insertion', 'SNP']",insertion_plus_SNP,"[('G', 'GGC', 'insertion'), ('G', 'C', 'SNP')]",
ERR3241719,10882,C,G,2,2.0,"['insertion', 'SNP']",insertion_plus_SNP,"[('G', 'GGC', 'insertion'), ('G', 'C', 'SNP')]",
ERR3243132,7719,T,C,2,2.0,"['SNP', 'SNP']",multiple_SNPs,"[('C', 'G', 'SNP'), ('C', 'T', 'SNP')]",
ERR3239846,10882,C,G,2,2.0,"['insertion', 'SNP']",insertion_plus_SNP,"[('G', 'GGC', 'insertion'), ('G', 'C', 'SNP')]",
ERR3241916,7719,T,C,2,2.0,"['SNP', 'SNP']",multiple_SNPs,"[('C', 'G', 'SNP'), ('C', 'T', 'SNP')]",
ERR3239661,7719,T,C,2,2.0,"['SNP', 'SNP']",multiple_SNPs,"[('C', 'G', 'SNP'), ('C', 'T', 'SNP')]",
ERR3239661,10882,C,G,2,2.0,"['insertion', 'SNP']",insertion_plus_SNP,"[('G', 'GGC', 'insertion'), ('G', 'C', 'SNP')]",
ERR3988863,10882,C,G,2,2.0,"['insertion', 'SNP']",insertion_plus_SNP,"[('G', 'GGC', 'insertion'), ('G', 'C', 'SNP')]",
ERR3239477,7719,T,C,2,2.0,"['SNP', 'SNP']",multiple_SNPs,"[('C', 'G', 'SNP'), ('C', 'T', 'SNP')]",
ERR3239463,10882,C,G,2,2.0,"['insertion', 'SNP']",insertion_plus_SNP,"[('G', 'GGC', 'insertion'), ('G', 'C', 'SNP')]",
ERR3239503,10882,C,G,2,2.0,"['insertion', 'SNP']",insertion_plus_SNP,"[('G', 'GGC', 'insertion'), ('G', 'C', 'SNP')]",
ERR3989406,7994,G,A,2,2.0,"['SNP', 'SNP']",multiple_SNPs,"[('A', 'C', 'SNP'), ('A', 'G', 'SNP')]",
ERR3989348,7994,G,A,2,2.0,"['SNP', 'SNP']",multiple_SNPs,"[('A', 'C', 'SNP'), ('A', 'G', 'SNP')]",
ERR3242416,10882,C,G,2,2.0,"['insertion', 'SNP']",insertion_plus_SNP,"[('G', 'GGC', 'insertion'), ('G', 'C', 'SNP')]",
ERR3242416,12047,G,C,2,2.0,"['insertion', 'SNP']",insertion_plus_SNP,"[('C', 'CGCG', 'insertion'), ('C', 'G', 'SNP')]",
ERR3242402,7719,T,C,2,2.0,"['SNP', 'SNP']",multiple_SNPs,"[('C', 'G', 'SNP'), ('C', 'T', 'SNP')]",
ERR3242402,10882,C,G,2,2.0,"['insertion', 'SNP']",insertion_plus_SNP,"[('G', 'GGC', 'insertion'), ('G', 'C', 'SNP')]",
ERR3239926,7719,T,C,2,2.0,"['SNP', 'SNP']",multiple_SNPs,"[('C', 'G', 'SNP'), ('C', 'T', 'SNP')]",
ERR3239926,10882,C,G,2,2.0,"['insertion', 'SNP']",insertion_plus_SNP,"[('G', 'GGC', 'insertion'), ('G', 'C', 'SNP')]",
ERR3239926,12047,G,C,2,2.0,"['insertion', 'SNP']",insertion_plus_SNP,"[('C', 'CGCG', 'insertion'), ('C', 'G', 'SNP')]",
ERR3243052,10882,C,G,2,2.0,"['insertion', 'SNP']",insertion_plus_SNP,"[('G', 'GGC', 'insertion'), ('G', 'C', 'SNP')]",
ERR3241876,7719,T,C,2,2.0,"['SNP', 'SNP']",multiple_SNPs,"[('C', 'G', 'SNP'), ('C', 'T', 'SNP')]",
ERR3241686,10882,C,G,2,2.0,"['insertion', 'SNP']",insertion_plus_SNP,"[('G', 'GGC', 'insertion'), ('G', 'C', 'SNP')]",
ERR3241692,10882,C,G,2,2.0,"['insertion', 'SNP']",insertion_plus_SNP,"[('G', 'GGC', 'insertion'), ('G', 'C', 'SNP')]",
ERR3243085,10882,C,G,2,2.0,"['insertion', 'SNP']",insertion_plus_SNP,"[('G', 'GGC', 'insertion'), ('G', 'C', 'SNP')]",
ERR3243084,10882,C,G,2,2.0,"['insertion', 'SNP']",insertion_plus_SNP,"[('G', 'GGC', 'insertion'), ('G', 'C', 'SNP')]",
ERR3239700,7994,G,A,2,2.0,"['SNP', 'SNP']",multiple_SNPs,"[('A', 'C', 'SNP'), ('A', 'G', 'SNP')]",
ERR3243047,10882,C,G,2,2.0,"['insertion', 'SNP']",insertion_plus_SNP,"[('G', 'GGC', 'insertion'), ('G', 'C', 'SNP')]",
ERR3242365,10882,C,G,2,2.0,"['insertion', 'SNP']",insertion_plus_SNP,"[('G', 'GGC', 'insertion'), ('G', 'C', 'SNP')]",
ERR3242365,12047,G,C,2,2.0,"['insertion', 'SNP']",insertion_plus_SNP,"[('C', 'CGCG', 'insertion'), ('C', 'G', 'SNP')]",
ERR3242832,10882,C,G,2,2.0,"['insertion', 'SNP']",insertion_plus_SNP,"[('G', 'GGC', 'insertion'), ('G', 'C', 'SNP')]",
ERR3240016,560,G,C,2,2.0,"['SNP', 'SNP']",multiple_SNPs,"[('C', 'A', 'SNP'), ('C', 'G', 'SNP')]",
ERR3240189,10882,C,G,2,2.0,"['insertion', 'SNP']",insertion_plus_SNP,"[('G', 'GGC', 'insertion'), ('G', 'C', 'SNP')]",
ERR3242946,7994,G,A,2,2.0,"['SNP', 'SNP']",multiple_SNPs,"[('A', 'C', 'SNP'), ('A', 'G', 'SNP')]",
ERR3239462,7719,T,C,2,2.0,"['SNP', 'SNP']",multiple_SNPs,"[('C', 'G', 'SNP'), ('C', 'T', 'SNP')]",
ERR3242013,7719,T,C,2,2.0,"['SNP', 'SNP']",multiple_SNPs,"[('C', 'G', 'SNP'), ('C', 'T', 'SNP')]",
ERR3988862,10882,C,G,2,2.0,"['insertion', 'SNP']",insertion_plus_SNP,"[('G', 'GGC', 'insertion'), ('G', 'C', 'SNP')]",
ERR3242761,7719,T,C,2,2.0,"['SNP', 'SNP']",multiple_SNPs,"[('C', 'G', 'SNP'), ('C', 'T', 'SNP')]",
ERR3239890,7719,T,C,2,2.0,"['SNP', 'SNP']",multiple_SNPs,"[('C', 'G', 'SNP'), ('C', 'T', 'SNP')]",
ERR3242239,7719,T,C,2,2.0,"['SNP', 'SNP']",multiple_SNPs,"[('C', 'G', 'SNP'), ('C', 'T', 'SNP')]",
ERR3242239,10882,C,G,2,2.0,"['insertion', 'SNP']",insertion_plus_SNP,"[('G', 'GGC', 'insertion'), ('G', 'C', 'SNP')]",
ERR3241718,7719,T,C,2,2.0,"['SNP', 'SNP']",multiple_SNPs,"[('C', 'G', 'SNP'), ('C', 'T', 'SNP')]",
